csv,dataset,script,n_rows,n_cols,columns,index_name,description,written_utc
cortex__v2/01_overview/cell_counts_Agetext.csv,cortex__v2,01_obs_overview_and_qc,13,4,column|level|n_cells|fraction,,Cell counts per level of obs['Agetext'],2026-10-01T23:09:07+00:00
cortex__v2/01_overview/cell_counts_Ageunit.csv,cortex__v2,01_obs_overview_and_qc,1,4,column|level|n_cells|fraction,,Cell counts per level of obs['Ageunit'],2026-10-01T23:09:07+00:00
cortex__v2/01_overview/cell_counts_Analysis.csv,cortex__v2,01_obs_overview_and_qc,27,4,column|level|n_cells|fraction,,Cell counts per level of obs['Analysis'],2026-10-01T23:09:07+00:00
cortex__v2/01_overview/cell_counts_CellClass.csv,cortex__v2,01_obs_overview_and_qc,5,4,column|level|n_cells|fraction,,Cell counts per level of obs['CellClass'],2026-10-01T23:09:07+00:00
cortex__v2/01_overview/cell_counts_CellCyclePhase.csv,cortex__v2,01_obs_overview_and_qc,5,4,column|level|n_cells|fraction,,Cell counts per level of obs['CellCyclePhase'],2026-10-01T23:09:07+00:00
cortex__v2/01_overview/cell_counts_Cellconc.csv,cortex__v2,01_obs_overview_and_qc,17,4,column|level|n_cells|fraction,,Cell counts per level of obs['Cellconc'],2026-10-01T23:09:07+00:00
cortex__v2/01_overview/cell_counts_Chemistry.csv,cortex__v2,01_obs_overview_and_qc,2,4,column|level|n_cells|fraction,,Cell counts per level of obs['Chemistry'],2026-10-01T23:09:07+00:00
cortex__v2/01_overview/cell_counts_Cmobarcodes.csv,cortex__v2,01_obs_overview_and_qc,1,4,column|level|n_cells|fraction,,Cell counts per level of obs['Cmobarcodes'],2026-10-01T23:09:07+00:00
cortex__v2/01_overview/cell_counts_Comment.csv,cortex__v2,01_obs_overview_and_qc,11,4,column|level|n_cells|fraction,,Cell counts per level of obs['Comment'],2026-10-01T23:09:07+00:00
cortex__v2/01_overview/cell_counts_CreationDate.csv,cortex__v2,01_obs_overview_and_qc,81,4,column|level|n_cells|fraction,,Cell counts per level of obs['CreationDate'],2026-10-01T23:09:07+00:00
cortex__v2/01_overview/cell_counts_Datecaptured.csv,cortex__v2,01_obs_overview_and_qc,15,4,column|level|n_cells|fraction,,Cell counts per level of obs['Datecaptured'],2026-10-01T23:09:07+00:00
cortex__v2/01_overview/cell_counts_Donor.csv,cortex__v2,01_obs_overview_and_qc,15,4,column|level|n_cells|fraction,,Cell counts per level of obs['Donor'],2026-10-01T23:09:07+00:00
cortex__v2/01_overview/cell_counts_Editat.csv,cortex__v2,01_obs_overview_and_qc,81,4,column|level|n_cells|fraction,,Cell counts per level of obs['Editat'],2026-10-01T23:09:07+00:00
cortex__v2/01_overview/cell_counts_Editby.csv,cortex__v2,01_obs_overview_and_qc,3,4,column|level|n_cells|fraction,,Cell counts per level of obs['Editby'],2026-10-01T23:09:07+00:00
cortex__v2/01_overview/cell_counts_Label.csv,cortex__v2,01_obs_overview_and_qc,2,4,column|level|n_cells|fraction,,Cell counts per level of obs['Label'],2026-10-01T23:09:07+00:00
cortex__v2/01_overview/cell_counts_Method.csv,cortex__v2,01_obs_overview_and_qc,1,4,column|level|n_cells|fraction,,Cell counts per level of obs['Method'],2026-10-01T23:09:07+00:00
cortex__v2/01_overview/cell_counts_Name.csv,cortex__v2,01_obs_overview_and_qc,81,4,column|level|n_cells|fraction,,Cell counts per level of obs['Name'],2026-10-01T23:09:07+00:00
cortex__v2/01_overview/cell_counts_Neuronprop.csv,cortex__v2,01_obs_overview_and_qc,1,4,column|level|n_cells|fraction,,Cell counts per level of obs['Neuronprop'],2026-10-01T23:09:07+00:00
cortex__v2/01_overview/cell_counts_Numpooledanimals.csv,cortex__v2,01_obs_overview_and_qc,1,4,column|level|n_cells|fraction,,Cell counts per level of obs['Numpooledanimals'],2026-10-01T23:09:07+00:00
cortex__v2/01_overview/cell_counts_Plugdate.csv,cortex__v2,01_obs_overview_and_qc,1,4,column|level|n_cells|fraction,,Cell counts per level of obs['Plugdate'],2026-10-01T23:09:07+00:00
cortex__v2/01_overview/cell_counts_Project.csv,cortex__v2,01_obs_overview_and_qc,1,4,column|level|n_cells|fraction,,Cell counts per level of obs['Project'],2026-10-01T23:09:07+00:00
cortex__v2/01_overview/cell_counts_Roi.csv,cortex__v2,01_obs_overview_and_qc,1,4,column|level|n_cells|fraction,,Cell counts per level of obs['Roi'],2026-10-01T23:09:07+00:00
cortex__v2/01_overview/cell_counts_SampleID.csv,cortex__v2,01_obs_overview_and_qc,81,4,column|level|n_cells|fraction,,Cell counts per level of obs['SampleID'],2026-10-01T23:09:07+00:00
cortex__v2/01_overview/cell_counts_Sampleok.csv,cortex__v2,01_obs_overview_and_qc,2,4,column|level|n_cells|fraction,,Cell counts per level of obs['Sampleok'],2026-10-01T23:09:07+00:00
cortex__v2/01_overview/cell_counts_Sex.csv,cortex__v2,01_obs_overview_and_qc,1,4,column|level|n_cells|fraction,,Cell counts per level of obs['Sex'],2026-10-01T23:09:07+00:00
cortex__v2/01_overview/cell_counts_Shortname.csv,cortex__v2,01_obs_overview_and_qc,24,4,column|level|n_cells|fraction,,Cell counts per level of obs['Shortname'],2026-10-01T23:09:07+00:00
cortex__v2/01_overview/cell_counts_Species.csv,cortex__v2,01_obs_overview_and_qc,1,4,column|level|n_cells|fraction,,Cell counts per level of obs['Species'],2026-10-01T23:09:07+00:00
cortex__v2/01_overview/cell_counts_Strain.csv,cortex__v2,01_obs_overview_and_qc,1,4,column|level|n_cells|fraction,,Cell counts per level of obs['Strain'],2026-10-01T23:09:07+00:00
cortex__v2/01_overview/cell_counts_Subset.csv,cortex__v2,01_obs_overview_and_qc,10,4,column|level|n_cells|fraction,,Cell counts per level of obs['Subset'],2026-10-01T23:09:07+00:00
cortex__v2/01_overview/cell_counts_Targetnumcells.csv,cortex__v2,01_obs_overview_and_qc,4,4,column|level|n_cells|fraction,,Cell counts per level of obs['Targetnumcells'],2026-10-01T23:09:07+00:00
cortex__v2/01_overview/cell_counts_Tissue.csv,cortex__v2,01_obs_overview_and_qc,9,4,column|level|n_cells|fraction,,Cell counts per level of obs['Tissue'],2026-10-01T23:09:07+00:00
cortex__v2/01_overview/cell_counts_Transcriptome.csv,cortex__v2,01_obs_overview_and_qc,1,4,column|level|n_cells|fraction,,Cell counts per level of obs['Transcriptome'],2026-10-01T23:09:07+00:00
cortex__v2/01_overview/cell_counts_batch.csv,cortex__v2,01_obs_overview_and_qc,2,4,column|level|n_cells|fraction,,Cell counts per level of obs['batch'],2026-10-01T23:09:07+00:00
cortex__v2/01_overview/cell_counts_classes.csv,cortex__v2,01_obs_overview_and_qc,4,4,column|level|n_cells|fraction,,Cell counts per level of obs['classes'],2026-10-01T23:09:07+00:00
cortex__v2/01_overview/cell_counts_cyclephase_h.csv,cortex__v2,01_obs_overview_and_qc,5,4,column|level|n_cells|fraction,,Cell counts per level of obs['cyclephase_h'],2026-10-01T23:09:07+00:00
cortex__v2/01_overview/cell_counts_dataset.csv,cortex__v2,01_obs_overview_and_qc,1,4,column|level|n_cells|fraction,,Cell counts per level of obs['dataset'],2026-10-01T23:09:07+00:00
cortex__v2/01_overview/cell_counts_leiden_scVI.csv,cortex__v2,01_obs_overview_and_qc,13,4,column|level|n_cells|fraction,,Cell counts per level of obs['leiden_scVI'],2026-10-01T23:09:07+00:00
cortex__v2/01_overview/cell_counts_louvain.csv,cortex__v2,01_obs_overview_and_qc,7,4,column|level|n_cells|fraction,,Cell counts per level of obs['louvain'],2026-10-01T23:09:07+00:00
cortex__v2/01_overview/cell_counts_velocyto.__version__.csv,cortex__v2,01_obs_overview_and_qc,2,4,column|level|n_cells|fraction,,Cell counts per level of obs['velocyto.__version__'],2026-10-01T23:09:07+00:00
cortex__v2/01_overview/cell_counts_velocyto.logic.csv,cortex__v2,01_obs_overview_and_qc,1,4,column|level|n_cells|fraction,,Cell counts per level of obs['velocyto.logic'],2026-10-01T23:09:07+00:00
cortex__v2/01_overview/donor_summary.csv,cortex__v2,01_obs_overview_and_qc,7,40,donor|n_cells|age|age_n_distinct|chemistry|chemistry_n_distinct|region|region_n_distinct|subregion|subregion_n_distinct|dissection|dissection_n_distinct|sex|sex_n_distinct|transcriptome|transcriptome_n_distinct|age_pcw|frac_mito_median|frac_mito_mean|frac_unspliced_median|frac_unspliced_mean|n_genes_median|n_genes_mean|total_umis_median|total_umis_mean|total_rna_median|total_rna_mean|cell_cycle_score_median|cell_cycle_score_mean|cycling_score_median|cycling_score_mean|cc_g1_median|cc_g1_mean|cc_s_median|cc_s_mean|cc_g2m_median|cc_g2m_mean|doublet_score_median|doublet_score_mean|low_cell_count,,"One row per donor: context, cell count and QC medians",2026-10-01T23:09:07+00:00
cortex__v2/01_overview/qc_by_age.csv,cortex__v2,01_obs_overview_and_qc,7,58,group_level|n_cells|frac_mito_mean|frac_mito_median|frac_mito_sd|frac_mito_q25|frac_mito_q75|frac_unspliced_mean|frac_unspliced_median|frac_unspliced_sd|frac_unspliced_q25|frac_unspliced_q75|n_genes_mean|n_genes_median|n_genes_sd|n_genes_q25|n_genes_q75|total_umis_mean|total_umis_median|total_umis_sd|total_umis_q25|total_umis_q75|total_rna_mean|total_rna_median|total_rna_sd|total_rna_q25|total_rna_q75|cell_cycle_score_mean|cell_cycle_score_median|cell_cycle_score_sd|cell_cycle_score_q25|cell_cycle_score_q75|cycling_score_mean|cycling_score_median|cycling_score_sd|cycling_score_q25|cycling_score_q75|cc_g1_mean|cc_g1_median|cc_g1_sd,,QC metric distribution per post-conception week,2026-10-01T23:09:10+00:00
cortex__v2/01_overview/qc_by_cell_class.csv,cortex__v2,01_obs_overview_and_qc,5,58,group_level|n_cells|frac_mito_mean|frac_mito_median|frac_mito_sd|frac_mito_q25|frac_mito_q75|frac_unspliced_mean|frac_unspliced_median|frac_unspliced_sd|frac_unspliced_q25|frac_unspliced_q75|n_genes_mean|n_genes_median|n_genes_sd|n_genes_q25|n_genes_q75|total_umis_mean|total_umis_median|total_umis_sd|total_umis_q25|total_umis_q75|total_rna_mean|total_rna_median|total_rna_sd|total_rna_q25|total_rna_q75|cell_cycle_score_mean|cell_cycle_score_median|cell_cycle_score_sd|cell_cycle_score_q25|cell_cycle_score_q75|cycling_score_mean|cycling_score_median|cycling_score_sd|cycling_score_q25|cycling_score_q75|cc_g1_mean|cc_g1_median|cc_g1_sd,,QC metric distribution per level of CellClass,2026-10-01T23:09:08+00:00
cortex__v2/01_overview/qc_by_chemistry.csv,cortex__v2,01_obs_overview_and_qc,1,58,group_level|n_cells|frac_mito_mean|frac_mito_median|frac_mito_sd|frac_mito_q25|frac_mito_q75|frac_unspliced_mean|frac_unspliced_median|frac_unspliced_sd|frac_unspliced_q25|frac_unspliced_q75|n_genes_mean|n_genes_median|n_genes_sd|n_genes_q25|n_genes_q75|total_umis_mean|total_umis_median|total_umis_sd|total_umis_q25|total_umis_q75|total_rna_mean|total_rna_median|total_rna_sd|total_rna_q25|total_rna_q75|cell_cycle_score_mean|cell_cycle_score_median|cell_cycle_score_sd|cell_cycle_score_q25|cell_cycle_score_q75|cycling_score_mean|cycling_score_median|cycling_score_sd|cycling_score_q25|cycling_score_q75|cc_g1_mean|cc_g1_median|cc_g1_sd,,QC metric distribution per level of Chemistry,2026-10-01T23:09:09+00:00
cortex__v2/01_overview/qc_by_cyclephase.csv,cortex__v2,01_obs_overview_and_qc,5,58,group_level|n_cells|frac_mito_mean|frac_mito_median|frac_mito_sd|frac_mito_q25|frac_mito_q75|frac_unspliced_mean|frac_unspliced_median|frac_unspliced_sd|frac_unspliced_q25|frac_unspliced_q75|n_genes_mean|n_genes_median|n_genes_sd|n_genes_q25|n_genes_q75|total_umis_mean|total_umis_median|total_umis_sd|total_umis_q25|total_umis_q75|total_rna_mean|total_rna_median|total_rna_sd|total_rna_q25|total_rna_q75|cell_cycle_score_mean|cell_cycle_score_median|cell_cycle_score_sd|cell_cycle_score_q25|cell_cycle_score_q75|cycling_score_mean|cycling_score_median|cycling_score_sd|cycling_score_q25|cycling_score_q75|cc_g1_mean|cc_g1_median|cc_g1_sd,,QC metric distribution per level of CellCyclePhase,2026-10-01T23:09:09+00:00
cortex__v2/01_overview/qc_by_donor.csv,cortex__v2,01_obs_overview_and_qc,7,58,group_level|n_cells|frac_mito_mean|frac_mito_median|frac_mito_sd|frac_mito_q25|frac_mito_q75|frac_unspliced_mean|frac_unspliced_median|frac_unspliced_sd|frac_unspliced_q25|frac_unspliced_q75|n_genes_mean|n_genes_median|n_genes_sd|n_genes_q25|n_genes_q75|total_umis_mean|total_umis_median|total_umis_sd|total_umis_q25|total_umis_q75|total_rna_mean|total_rna_median|total_rna_sd|total_rna_q25|total_rna_q75|cell_cycle_score_mean|cell_cycle_score_median|cell_cycle_score_sd|cell_cycle_score_q25|cell_cycle_score_q75|cycling_score_mean|cycling_score_median|cycling_score_sd|cycling_score_q25|cycling_score_q75|cc_g1_mean|cc_g1_median|cc_g1_sd,,QC metric distribution per level of Donor,2026-10-01T23:09:10+00:00
cortex__v2/01_overview/qc_by_region.csv,cortex__v2,01_obs_overview_and_qc,3,58,group_level|n_cells|frac_mito_mean|frac_mito_median|frac_mito_sd|frac_mito_q25|frac_mito_q75|frac_unspliced_mean|frac_unspliced_median|frac_unspliced_sd|frac_unspliced_q25|frac_unspliced_q75|n_genes_mean|n_genes_median|n_genes_sd|n_genes_q25|n_genes_q75|total_umis_mean|total_umis_median|total_umis_sd|total_umis_q25|total_umis_q75|total_rna_mean|total_rna_median|total_rna_sd|total_rna_q25|total_rna_q75|cell_cycle_score_mean|cell_cycle_score_median|cell_cycle_score_sd|cell_cycle_score_q25|cell_cycle_score_q75|cycling_score_mean|cycling_score_median|cycling_score_sd|cycling_score_q25|cycling_score_q75|cc_g1_mean|cc_g1_median|cc_g1_sd,,QC metric distribution per level of Tissue,2026-10-01T23:09:08+00:00
cortex__v2/01_overview/qc_by_subregion.csv,cortex__v2,01_obs_overview_and_qc,9,58,group_level|n_cells|frac_mito_mean|frac_mito_median|frac_mito_sd|frac_mito_q25|frac_mito_q75|frac_unspliced_mean|frac_unspliced_median|frac_unspliced_sd|frac_unspliced_q25|frac_unspliced_q75|n_genes_mean|n_genes_median|n_genes_sd|n_genes_q25|n_genes_q75|total_umis_mean|total_umis_median|total_umis_sd|total_umis_q25|total_umis_q75|total_rna_mean|total_rna_median|total_rna_sd|total_rna_q25|total_rna_q75|cell_cycle_score_mean|cell_cycle_score_median|cell_cycle_score_sd|cell_cycle_score_q25|cell_cycle_score_q75|cycling_score_mean|cycling_score_median|cycling_score_sd|cycling_score_q25|cycling_score_q75|cc_g1_mean|cc_g1_median|cc_g1_sd,,QC metric distribution per level of Shortname,2026-10-01T23:09:08+00:00
cortex__v2/01_overview/qc_cell_quantiles.csv,cortex__v2,01_obs_overview_and_qc,9,12,quantile|frac_mito|frac_unspliced|n_genes|total_umis|total_rna|cell_cycle_score|cycling_score|cc_g1|cc_s|cc_g2m|doublet_score,,Global per-cell QC quantiles -- use to set filtering thresholds,2026-10-01T23:09:10+00:00
cortex__v2/01_overview/sample_qc_outliers.csv,cortex__v2,01_obs_overview_and_qc,43,25,sample|n_cells|frac_mito_median_robust_z|frac_mito_median_is_outlier|frac_unspliced_median_robust_z|frac_unspliced_median_is_outlier|n_genes_median_robust_z|n_genes_median_is_outlier|total_umis_median_robust_z|total_umis_median_is_outlier|total_rna_median_robust_z|total_rna_median_is_outlier|cell_cycle_score_median_robust_z|cell_cycle_score_median_is_outlier|cycling_score_median_robust_z|cycling_score_median_is_outlier|cc_g1_median_robust_z|cc_g1_median_is_outlier|cc_s_median_robust_z|cc_s_median_is_outlier|cc_g2m_median_robust_z|cc_g2m_median_is_outlier|doublet_score_median_robust_z|doublet_score_median_is_outlier|n_metrics_flagged,,Robust (MAD) z-scores per sample per QC metric; |z|>3 flagged,2026-10-01T23:09:07+00:00
cortex__v2/01_overview/sample_summary.csv,cortex__v2,01_obs_overview_and_qc,43,42,sample|n_cells|donor|donor_n_distinct|age|age_n_distinct|chemistry|chemistry_n_distinct|region|region_n_distinct|subregion|subregion_n_distinct|dissection|dissection_n_distinct|sex|sex_n_distinct|transcriptome|transcriptome_n_distinct|age_pcw|frac_mito_median|frac_mito_mean|frac_unspliced_median|frac_unspliced_mean|n_genes_median|n_genes_mean|total_umis_median|total_umis_mean|total_rna_median|total_rna_mean|cell_cycle_score_median|cell_cycle_score_mean|cycling_score_median|cycling_score_mean|cc_g1_median|cc_g1_mean|cc_s_median|cc_s_mean|cc_g2m_median|cc_g2m_mean|doublet_score_median,,"One row per sample: context, cell count and QC medians",2026-10-01T23:09:07+00:00
cortex__v2/02_composition/association_summary.csv,cortex__v2,02_composition,24,8,grouping|grouping_column|label_type|label_column|n_group_levels|n_labels|n_cells|cramers_v,,"Cramer's V per (grouping, label) pair -- ranks which groupings restructure composition most",2026-10-01T23:09:33+00:00
cortex__v2/02_composition/composition_long.csv,cortex__v2,02_composition,11530,6,grouping|label_type|group_level|label|n_cells|fraction,,Tidy long-form composition for every grouping x label pair,2026-10-01T23:09:33+00:00
cortex__v2/02_composition/counts_cell_class_by_age.csv,cortex__v2,02_composition,7,6,age|Glioblast|Neuroblast|Neuron|Neuronal IPC|Radial glia,,Cell counts: age_pcw x CellClass,2026-10-01T23:09:31+00:00
cortex__v2/02_composition/counts_cell_class_by_chemistry.csv,cortex__v2,02_composition,1,6,chemistry|Glioblast|Neuroblast|Neuron|Neuronal IPC|Radial glia,,Cell counts: Chemistry x CellClass,2026-10-01T23:09:32+00:00
cortex__v2/02_composition/counts_cell_class_by_cluster_Clusters.csv,cortex__v2,02_composition,55,6,cluster_Clusters|Glioblast|Neuroblast|Neuron|Neuronal IPC|Radial glia,,Cell counts: Clusters x CellClass,2026-10-01T23:09:32+00:00
cortex__v2/02_composition/counts_cell_class_by_cluster_ClustersModularity.csv,cortex__v2,02_composition,55,6,cluster_ClustersModularity|Glioblast|Neuroblast|Neuron|Neuronal IPC|Radial glia,,Cell counts: ClustersModularity x CellClass,2026-10-01T23:09:32+00:00
cortex__v2/02_composition/counts_cell_class_by_cluster_ClustersSurprise.csv,cortex__v2,02_composition,950,6,cluster_ClustersSurprise|Glioblast|Neuroblast|Neuron|Neuronal IPC|Radial glia,,Cell counts: ClustersSurprise x CellClass,2026-10-01T23:09:32+00:00
cortex__v2/02_composition/counts_cell_class_by_cluster_leiden_scVI.csv,cortex__v2,02_composition,13,6,cluster_leiden_scVI|Glioblast|Neuroblast|Neuron|Neuronal IPC|Radial glia,,Cell counts: leiden_scVI x CellClass,2026-10-01T23:09:32+00:00
cortex__v2/02_composition/counts_cell_class_by_cluster_louvain.csv,cortex__v2,02_composition,7,6,cluster_louvain|Glioblast|Neuroblast|Neuron|Neuronal IPC|Radial glia,,Cell counts: louvain x CellClass,2026-10-01T23:09:32+00:00
cortex__v2/02_composition/counts_cell_class_by_dissection.csv,cortex__v2,02_composition,3,6,dissection|Glioblast|Neuroblast|Neuron|Neuronal IPC|Radial glia,,Cell counts: Tissue x CellClass,2026-10-01T23:09:32+00:00
cortex__v2/02_composition/counts_cell_class_by_donor.csv,cortex__v2,02_composition,7,6,donor|Glioblast|Neuroblast|Neuron|Neuronal IPC|Radial glia,,Cell counts: Donor x CellClass,2026-10-01T23:09:32+00:00
cortex__v2/02_composition/counts_cell_class_by_region.csv,cortex__v2,02_composition,3,6,region|Glioblast|Neuroblast|Neuron|Neuronal IPC|Radial glia,,Cell counts: Tissue x CellClass,2026-10-01T23:09:31+00:00
cortex__v2/02_composition/counts_cell_class_by_sample.csv,cortex__v2,02_composition,43,6,sample|Glioblast|Neuroblast|Neuron|Neuronal IPC|Radial glia,,Cell counts: SampleID x CellClass,2026-10-01T23:09:32+00:00
cortex__v2/02_composition/counts_cell_class_by_subregion.csv,cortex__v2,02_composition,9,6,subregion|Glioblast|Neuroblast|Neuron|Neuronal IPC|Radial glia,,Cell counts: Shortname x CellClass,2026-10-01T23:09:31+00:00
cortex__v2/02_composition/counts_cyclephase_by_age.csv,cortex__v2,02_composition,7,6,age|G1|G2M|Non-cycling|Post-M|S,,Cell counts: age_pcw x cyclephase_h,2026-10-01T23:09:32+00:00
cortex__v2/02_composition/counts_cyclephase_by_chemistry.csv,cortex__v2,02_composition,1,6,chemistry|G1|G2M|Non-cycling|Post-M|S,,Cell counts: Chemistry x cyclephase_h,2026-10-01T23:09:33+00:00
cortex__v2/02_composition/counts_cyclephase_by_cluster_Clusters.csv,cortex__v2,02_composition,55,6,cluster_Clusters|G1|G2M|Non-cycling|Post-M|S,,Cell counts: Clusters x cyclephase_h,2026-10-01T23:09:33+00:00
cortex__v2/02_composition/counts_cyclephase_by_cluster_ClustersModularity.csv,cortex__v2,02_composition,55,6,cluster_ClustersModularity|G1|G2M|Non-cycling|Post-M|S,,Cell counts: ClustersModularity x cyclephase_h,2026-10-01T23:09:33+00:00
cortex__v2/02_composition/counts_cyclephase_by_cluster_ClustersSurprise.csv,cortex__v2,02_composition,950,6,cluster_ClustersSurprise|G1|G2M|Non-cycling|Post-M|S,,Cell counts: ClustersSurprise x cyclephase_h,2026-10-01T23:09:33+00:00
cortex__v2/02_composition/counts_cyclephase_by_cluster_leiden_scVI.csv,cortex__v2,02_composition,13,6,cluster_leiden_scVI|G1|G2M|Non-cycling|Post-M|S,,Cell counts: leiden_scVI x cyclephase_h,2026-10-01T23:09:33+00:00
cortex__v2/02_composition/counts_cyclephase_by_cluster_louvain.csv,cortex__v2,02_composition,7,6,cluster_louvain|G1|G2M|Non-cycling|Post-M|S,,Cell counts: louvain x cyclephase_h,2026-10-01T23:09:33+00:00
cortex__v2/02_composition/counts_cyclephase_by_dissection.csv,cortex__v2,02_composition,3,6,dissection|G1|G2M|Non-cycling|Post-M|S,,Cell counts: Tissue x cyclephase_h,2026-10-01T23:09:32+00:00
cortex__v2/02_composition/counts_cyclephase_by_donor.csv,cortex__v2,02_composition,7,6,donor|G1|G2M|Non-cycling|Post-M|S,,Cell counts: Donor x cyclephase_h,2026-10-01T23:09:32+00:00
cortex__v2/02_composition/counts_cyclephase_by_region.csv,cortex__v2,02_composition,3,6,region|G1|G2M|Non-cycling|Post-M|S,,Cell counts: Tissue x cyclephase_h,2026-10-01T23:09:32+00:00
cortex__v2/02_composition/counts_cyclephase_by_sample.csv,cortex__v2,02_composition,43,6,sample|G1|G2M|Non-cycling|Post-M|S,,Cell counts: SampleID x cyclephase_h,2026-10-01T23:09:33+00:00
cortex__v2/02_composition/counts_cyclephase_by_subregion.csv,cortex__v2,02_composition,9,6,subregion|G1|G2M|Non-cycling|Post-M|S,,Cell counts: Shortname x cyclephase_h,2026-10-01T23:09:32+00:00
cortex__v2/02_composition/diversity_cell_class_by_age.csv,cortex__v2,02_composition,7,10,grouping|group_level|n_cells|n_labels_observed|shannon_entropy|normalized_entropy|simpson_index|dominant_label|dominant_fraction|below_min_cells,,Composition diversity of CellClass within each age_pcw,2026-10-01T23:09:31+00:00
cortex__v2/02_composition/diversity_cell_class_by_chemistry.csv,cortex__v2,02_composition,1,10,grouping|group_level|n_cells|n_labels_observed|shannon_entropy|normalized_entropy|simpson_index|dominant_label|dominant_fraction|below_min_cells,,Composition diversity of CellClass within each Chemistry,2026-10-01T23:09:32+00:00
cortex__v2/02_composition/diversity_cell_class_by_cluster_Clusters.csv,cortex__v2,02_composition,55,10,grouping|group_level|n_cells|n_labels_observed|shannon_entropy|normalized_entropy|simpson_index|dominant_label|dominant_fraction|below_min_cells,,Composition diversity of CellClass within each Clusters,2026-10-01T23:09:32+00:00
cortex__v2/02_composition/diversity_cell_class_by_cluster_ClustersModularity.csv,cortex__v2,02_composition,55,10,grouping|group_level|n_cells|n_labels_observed|shannon_entropy|normalized_entropy|simpson_index|dominant_label|dominant_fraction|below_min_cells,,Composition diversity of CellClass within each ClustersModularity,2026-10-01T23:09:32+00:00
cortex__v2/02_composition/diversity_cell_class_by_cluster_ClustersSurprise.csv,cortex__v2,02_composition,950,10,grouping|group_level|n_cells|n_labels_observed|shannon_entropy|normalized_entropy|simpson_index|dominant_label|dominant_fraction|below_min_cells,,Composition diversity of CellClass within each ClustersSurprise,2026-10-01T23:09:32+00:00
cortex__v2/02_composition/diversity_cell_class_by_cluster_leiden_scVI.csv,cortex__v2,02_composition,13,10,grouping|group_level|n_cells|n_labels_observed|shannon_entropy|normalized_entropy|simpson_index|dominant_label|dominant_fraction|below_min_cells,,Composition diversity of CellClass within each leiden_scVI,2026-10-01T23:09:32+00:00
cortex__v2/02_composition/diversity_cell_class_by_cluster_louvain.csv,cortex__v2,02_composition,7,10,grouping|group_level|n_cells|n_labels_observed|shannon_entropy|normalized_entropy|simpson_index|dominant_label|dominant_fraction|below_min_cells,,Composition diversity of CellClass within each louvain,2026-10-01T23:09:32+00:00
cortex__v2/02_composition/diversity_cell_class_by_dissection.csv,cortex__v2,02_composition,3,10,grouping|group_level|n_cells|n_labels_observed|shannon_entropy|normalized_entropy|simpson_index|dominant_label|dominant_fraction|below_min_cells,,Composition diversity of CellClass within each Tissue,2026-10-01T23:09:32+00:00
cortex__v2/02_composition/diversity_cell_class_by_donor.csv,cortex__v2,02_composition,7,10,grouping|group_level|n_cells|n_labels_observed|shannon_entropy|normalized_entropy|simpson_index|dominant_label|dominant_fraction|below_min_cells,,Composition diversity of CellClass within each Donor,2026-10-01T23:09:32+00:00
cortex__v2/02_composition/diversity_cell_class_by_region.csv,cortex__v2,02_composition,3,10,grouping|group_level|n_cells|n_labels_observed|shannon_entropy|normalized_entropy|simpson_index|dominant_label|dominant_fraction|below_min_cells,,Composition diversity of CellClass within each Tissue,2026-10-01T23:09:31+00:00
cortex__v2/02_composition/diversity_cell_class_by_sample.csv,cortex__v2,02_composition,43,10,grouping|group_level|n_cells|n_labels_observed|shannon_entropy|normalized_entropy|simpson_index|dominant_label|dominant_fraction|below_min_cells,,Composition diversity of CellClass within each SampleID,2026-10-01T23:09:32+00:00
cortex__v2/02_composition/diversity_cell_class_by_subregion.csv,cortex__v2,02_composition,9,10,grouping|group_level|n_cells|n_labels_observed|shannon_entropy|normalized_entropy|simpson_index|dominant_label|dominant_fraction|below_min_cells,,Composition diversity of CellClass within each Shortname,2026-10-01T23:09:31+00:00
cortex__v2/02_composition/diversity_cyclephase_by_age.csv,cortex__v2,02_composition,7,10,grouping|group_level|n_cells|n_labels_observed|shannon_entropy|normalized_entropy|simpson_index|dominant_label|dominant_fraction|below_min_cells,,Composition diversity of cyclephase_h within each age_pcw,2026-10-01T23:09:32+00:00
cortex__v2/02_composition/diversity_cyclephase_by_chemistry.csv,cortex__v2,02_composition,1,10,grouping|group_level|n_cells|n_labels_observed|shannon_entropy|normalized_entropy|simpson_index|dominant_label|dominant_fraction|below_min_cells,,Composition diversity of cyclephase_h within each Chemistry,2026-10-01T23:09:33+00:00
cortex__v2/02_composition/diversity_cyclephase_by_cluster_Clusters.csv,cortex__v2,02_composition,55,10,grouping|group_level|n_cells|n_labels_observed|shannon_entropy|normalized_entropy|simpson_index|dominant_label|dominant_fraction|below_min_cells,,Composition diversity of cyclephase_h within each Clusters,2026-10-01T23:09:33+00:00
cortex__v2/02_composition/diversity_cyclephase_by_cluster_ClustersModularity.csv,cortex__v2,02_composition,55,10,grouping|group_level|n_cells|n_labels_observed|shannon_entropy|normalized_entropy|simpson_index|dominant_label|dominant_fraction|below_min_cells,,Composition diversity of cyclephase_h within each ClustersModularity,2026-10-01T23:09:33+00:00
cortex__v2/02_composition/diversity_cyclephase_by_cluster_ClustersSurprise.csv,cortex__v2,02_composition,950,10,grouping|group_level|n_cells|n_labels_observed|shannon_entropy|normalized_entropy|simpson_index|dominant_label|dominant_fraction|below_min_cells,,Composition diversity of cyclephase_h within each ClustersSurprise,2026-10-01T23:09:33+00:00
cortex__v2/02_composition/diversity_cyclephase_by_cluster_leiden_scVI.csv,cortex__v2,02_composition,13,10,grouping|group_level|n_cells|n_labels_observed|shannon_entropy|normalized_entropy|simpson_index|dominant_label|dominant_fraction|below_min_cells,,Composition diversity of cyclephase_h within each leiden_scVI,2026-10-01T23:09:33+00:00
cortex__v2/02_composition/diversity_cyclephase_by_cluster_louvain.csv,cortex__v2,02_composition,7,10,grouping|group_level|n_cells|n_labels_observed|shannon_entropy|normalized_entropy|simpson_index|dominant_label|dominant_fraction|below_min_cells,,Composition diversity of cyclephase_h within each louvain,2026-10-01T23:09:33+00:00
cortex__v2/02_composition/diversity_cyclephase_by_dissection.csv,cortex__v2,02_composition,3,10,grouping|group_level|n_cells|n_labels_observed|shannon_entropy|normalized_entropy|simpson_index|dominant_label|dominant_fraction|below_min_cells,,Composition diversity of cyclephase_h within each Tissue,2026-10-01T23:09:32+00:00
cortex__v2/02_composition/diversity_cyclephase_by_donor.csv,cortex__v2,02_composition,7,10,grouping|group_level|n_cells|n_labels_observed|shannon_entropy|normalized_entropy|simpson_index|dominant_label|dominant_fraction|below_min_cells,,Composition diversity of cyclephase_h within each Donor,2026-10-01T23:09:32+00:00
cortex__v2/02_composition/diversity_cyclephase_by_region.csv,cortex__v2,02_composition,3,10,grouping|group_level|n_cells|n_labels_observed|shannon_entropy|normalized_entropy|simpson_index|dominant_label|dominant_fraction|below_min_cells,,Composition diversity of cyclephase_h within each Tissue,2026-10-01T23:09:32+00:00
cortex__v2/02_composition/diversity_cyclephase_by_sample.csv,cortex__v2,02_composition,43,10,grouping|group_level|n_cells|n_labels_observed|shannon_entropy|normalized_entropy|simpson_index|dominant_label|dominant_fraction|below_min_cells,,Composition diversity of cyclephase_h within each SampleID,2026-10-01T23:09:33+00:00
cortex__v2/02_composition/diversity_cyclephase_by_subregion.csv,cortex__v2,02_composition,9,10,grouping|group_level|n_cells|n_labels_observed|shannon_entropy|normalized_entropy|simpson_index|dominant_label|dominant_fraction|below_min_cells,,Composition diversity of cyclephase_h within each Shortname,2026-10-01T23:09:32+00:00
cortex__v2/02_composition/fractions_cell_class_by_age.csv,cortex__v2,02_composition,7,6,age|Glioblast|Neuroblast|Neuron|Neuronal IPC|Radial glia,,Row-normalised composition of CellClass within each age_pcw,2026-10-01T23:09:31+00:00
cortex__v2/02_composition/fractions_cell_class_by_chemistry.csv,cortex__v2,02_composition,1,6,chemistry|Glioblast|Neuroblast|Neuron|Neuronal IPC|Radial glia,,Row-normalised composition of CellClass within each Chemistry,2026-10-01T23:09:32+00:00
cortex__v2/02_composition/fractions_cell_class_by_cluster_Clusters.csv,cortex__v2,02_composition,55,6,cluster_Clusters|Glioblast|Neuroblast|Neuron|Neuronal IPC|Radial glia,,Row-normalised composition of CellClass within each Clusters,2026-10-01T23:09:32+00:00
cortex__v2/02_composition/fractions_cell_class_by_cluster_ClustersModularity.csv,cortex__v2,02_composition,55,6,cluster_ClustersModularity|Glioblast|Neuroblast|Neuron|Neuronal IPC|Radial glia,,Row-normalised composition of CellClass within each ClustersModularity,2026-10-01T23:09:32+00:00
cortex__v2/02_composition/fractions_cell_class_by_cluster_ClustersSurprise.csv,cortex__v2,02_composition,950,6,cluster_ClustersSurprise|Glioblast|Neuroblast|Neuron|Neuronal IPC|Radial glia,,Row-normalised composition of CellClass within each ClustersSurprise,2026-10-01T23:09:32+00:00
cortex__v2/02_composition/fractions_cell_class_by_cluster_leiden_scVI.csv,cortex__v2,02_composition,13,6,cluster_leiden_scVI|Glioblast|Neuroblast|Neuron|Neuronal IPC|Radial glia,,Row-normalised composition of CellClass within each leiden_scVI,2026-10-01T23:09:32+00:00
cortex__v2/02_composition/fractions_cell_class_by_cluster_louvain.csv,cortex__v2,02_composition,7,6,cluster_louvain|Glioblast|Neuroblast|Neuron|Neuronal IPC|Radial glia,,Row-normalised composition of CellClass within each louvain,2026-10-01T23:09:32+00:00
cortex__v2/02_composition/fractions_cell_class_by_dissection.csv,cortex__v2,02_composition,3,6,dissection|Glioblast|Neuroblast|Neuron|Neuronal IPC|Radial glia,,Row-normalised composition of CellClass within each Tissue,2026-10-01T23:09:32+00:00
cortex__v2/02_composition/fractions_cell_class_by_donor.csv,cortex__v2,02_composition,7,6,donor|Glioblast|Neuroblast|Neuron|Neuronal IPC|Radial glia,,Row-normalised composition of CellClass within each Donor,2026-10-01T23:09:32+00:00
cortex__v2/02_composition/fractions_cell_class_by_region.csv,cortex__v2,02_composition,3,6,region|Glioblast|Neuroblast|Neuron|Neuronal IPC|Radial glia,,Row-normalised composition of CellClass within each Tissue,2026-10-01T23:09:31+00:00
cortex__v2/02_composition/fractions_cell_class_by_sample.csv,cortex__v2,02_composition,43,6,sample|Glioblast|Neuroblast|Neuron|Neuronal IPC|Radial glia,,Row-normalised composition of CellClass within each SampleID,2026-10-01T23:09:32+00:00
cortex__v2/02_composition/fractions_cell_class_by_subregion.csv,cortex__v2,02_composition,9,6,subregion|Glioblast|Neuroblast|Neuron|Neuronal IPC|Radial glia,,Row-normalised composition of CellClass within each Shortname,2026-10-01T23:09:31+00:00
cortex__v2/02_composition/fractions_cyclephase_by_age.csv,cortex__v2,02_composition,7,6,age|G1|G2M|Non-cycling|Post-M|S,,Row-normalised composition of cyclephase_h within each age_pcw,2026-10-01T23:09:32+00:00
cortex__v2/02_composition/fractions_cyclephase_by_chemistry.csv,cortex__v2,02_composition,1,6,chemistry|G1|G2M|Non-cycling|Post-M|S,,Row-normalised composition of cyclephase_h within each Chemistry,2026-10-01T23:09:33+00:00
cortex__v2/02_composition/fractions_cyclephase_by_cluster_Clusters.csv,cortex__v2,02_composition,55,6,cluster_Clusters|G1|G2M|Non-cycling|Post-M|S,,Row-normalised composition of cyclephase_h within each Clusters,2026-10-01T23:09:33+00:00
cortex__v2/02_composition/fractions_cyclephase_by_cluster_ClustersModularity.csv,cortex__v2,02_composition,55,6,cluster_ClustersModularity|G1|G2M|Non-cycling|Post-M|S,,Row-normalised composition of cyclephase_h within each ClustersModularity,2026-10-01T23:09:33+00:00
cortex__v2/02_composition/fractions_cyclephase_by_cluster_ClustersSurprise.csv,cortex__v2,02_composition,950,6,cluster_ClustersSurprise|G1|G2M|Non-cycling|Post-M|S,,Row-normalised composition of cyclephase_h within each ClustersSurprise,2026-10-01T23:09:33+00:00
cortex__v2/02_composition/fractions_cyclephase_by_cluster_leiden_scVI.csv,cortex__v2,02_composition,13,6,cluster_leiden_scVI|G1|G2M|Non-cycling|Post-M|S,,Row-normalised composition of cyclephase_h within each leiden_scVI,2026-10-01T23:09:33+00:00
cortex__v2/02_composition/fractions_cyclephase_by_cluster_louvain.csv,cortex__v2,02_composition,7,6,cluster_louvain|G1|G2M|Non-cycling|Post-M|S,,Row-normalised composition of cyclephase_h within each louvain,2026-10-01T23:09:33+00:00
cortex__v2/02_composition/fractions_cyclephase_by_dissection.csv,cortex__v2,02_composition,3,6,dissection|G1|G2M|Non-cycling|Post-M|S,,Row-normalised composition of cyclephase_h within each Tissue,2026-10-01T23:09:32+00:00
cortex__v2/02_composition/fractions_cyclephase_by_donor.csv,cortex__v2,02_composition,7,6,donor|G1|G2M|Non-cycling|Post-M|S,,Row-normalised composition of cyclephase_h within each Donor,2026-10-01T23:09:32+00:00
cortex__v2/02_composition/fractions_cyclephase_by_region.csv,cortex__v2,02_composition,3,6,region|G1|G2M|Non-cycling|Post-M|S,,Row-normalised composition of cyclephase_h within each Tissue,2026-10-01T23:09:32+00:00
cortex__v2/02_composition/fractions_cyclephase_by_sample.csv,cortex__v2,02_composition,43,6,sample|G1|G2M|Non-cycling|Post-M|S,,Row-normalised composition of cyclephase_h within each SampleID,2026-10-01T23:09:33+00:00
cortex__v2/02_composition/fractions_cyclephase_by_subregion.csv,cortex__v2,02_composition,9,6,subregion|G1|G2M|Non-cycling|Post-M|S,,Row-normalised composition of cyclephase_h within each Shortname,2026-10-01T23:09:32+00:00
cortex__v2/02_composition/log2oe_cell_class_by_age.csv,cortex__v2,02_composition,7,6,age|Glioblast|Neuroblast|Neuron|Neuronal IPC|Radial glia,,log2(observed/expected) enrichment of CellClass per age_pcw,2026-10-01T23:09:31+00:00
cortex__v2/02_composition/log2oe_cell_class_by_chemistry.csv,cortex__v2,02_composition,1,6,chemistry|Glioblast|Neuroblast|Neuron|Neuronal IPC|Radial glia,,log2(observed/expected) enrichment of CellClass per Chemistry,2026-10-01T23:09:32+00:00
cortex__v2/02_composition/log2oe_cell_class_by_cluster_Clusters.csv,cortex__v2,02_composition,55,6,cluster_Clusters|Glioblast|Neuroblast|Neuron|Neuronal IPC|Radial glia,,log2(observed/expected) enrichment of CellClass per Clusters,2026-10-01T23:09:32+00:00
cortex__v2/02_composition/log2oe_cell_class_by_cluster_ClustersModularity.csv,cortex__v2,02_composition,55,6,cluster_ClustersModularity|Glioblast|Neuroblast|Neuron|Neuronal IPC|Radial glia,,log2(observed/expected) enrichment of CellClass per ClustersModularity,2026-10-01T23:09:32+00:00
cortex__v2/02_composition/log2oe_cell_class_by_cluster_ClustersSurprise.csv,cortex__v2,02_composition,950,6,cluster_ClustersSurprise|Glioblast|Neuroblast|Neuron|Neuronal IPC|Radial glia,,log2(observed/expected) enrichment of CellClass per ClustersSurprise,2026-10-01T23:09:32+00:00
cortex__v2/02_composition/log2oe_cell_class_by_cluster_leiden_scVI.csv,cortex__v2,02_composition,13,6,cluster_leiden_scVI|Glioblast|Neuroblast|Neuron|Neuronal IPC|Radial glia,,log2(observed/expected) enrichment of CellClass per leiden_scVI,2026-10-01T23:09:32+00:00
cortex__v2/02_composition/log2oe_cell_class_by_cluster_louvain.csv,cortex__v2,02_composition,7,6,cluster_louvain|Glioblast|Neuroblast|Neuron|Neuronal IPC|Radial glia,,log2(observed/expected) enrichment of CellClass per louvain,2026-10-01T23:09:32+00:00
cortex__v2/02_composition/log2oe_cell_class_by_dissection.csv,cortex__v2,02_composition,3,6,dissection|Glioblast|Neuroblast|Neuron|Neuronal IPC|Radial glia,,log2(observed/expected) enrichment of CellClass per Tissue,2026-10-01T23:09:32+00:00
cortex__v2/02_composition/log2oe_cell_class_by_donor.csv,cortex__v2,02_composition,7,6,donor|Glioblast|Neuroblast|Neuron|Neuronal IPC|Radial glia,,log2(observed/expected) enrichment of CellClass per Donor,2026-10-01T23:09:32+00:00
cortex__v2/02_composition/log2oe_cell_class_by_region.csv,cortex__v2,02_composition,3,6,region|Glioblast|Neuroblast|Neuron|Neuronal IPC|Radial glia,,log2(observed/expected) enrichment of CellClass per Tissue,2026-10-01T23:09:31+00:00
cortex__v2/02_composition/log2oe_cell_class_by_sample.csv,cortex__v2,02_composition,43,6,sample|Glioblast|Neuroblast|Neuron|Neuronal IPC|Radial glia,,log2(observed/expected) enrichment of CellClass per SampleID,2026-10-01T23:09:32+00:00
cortex__v2/02_composition/log2oe_cell_class_by_subregion.csv,cortex__v2,02_composition,9,6,subregion|Glioblast|Neuroblast|Neuron|Neuronal IPC|Radial glia,,log2(observed/expected) enrichment of CellClass per Shortname,2026-10-01T23:09:31+00:00
cortex__v2/02_composition/log2oe_cyclephase_by_age.csv,cortex__v2,02_composition,7,6,age|G1|G2M|Non-cycling|Post-M|S,,log2(observed/expected) enrichment of cyclephase_h per age_pcw,2026-10-01T23:09:32+00:00
cortex__v2/02_composition/log2oe_cyclephase_by_chemistry.csv,cortex__v2,02_composition,1,6,chemistry|G1|G2M|Non-cycling|Post-M|S,,log2(observed/expected) enrichment of cyclephase_h per Chemistry,2026-10-01T23:09:33+00:00
cortex__v2/02_composition/log2oe_cyclephase_by_cluster_Clusters.csv,cortex__v2,02_composition,55,6,cluster_Clusters|G1|G2M|Non-cycling|Post-M|S,,log2(observed/expected) enrichment of cyclephase_h per Clusters,2026-10-01T23:09:33+00:00
cortex__v2/02_composition/log2oe_cyclephase_by_cluster_ClustersModularity.csv,cortex__v2,02_composition,55,6,cluster_ClustersModularity|G1|G2M|Non-cycling|Post-M|S,,log2(observed/expected) enrichment of cyclephase_h per ClustersModularity,2026-10-01T23:09:33+00:00
cortex__v2/02_composition/log2oe_cyclephase_by_cluster_ClustersSurprise.csv,cortex__v2,02_composition,950,6,cluster_ClustersSurprise|G1|G2M|Non-cycling|Post-M|S,,log2(observed/expected) enrichment of cyclephase_h per ClustersSurprise,2026-10-01T23:09:33+00:00
cortex__v2/02_composition/log2oe_cyclephase_by_cluster_leiden_scVI.csv,cortex__v2,02_composition,13,6,cluster_leiden_scVI|G1|G2M|Non-cycling|Post-M|S,,log2(observed/expected) enrichment of cyclephase_h per leiden_scVI,2026-10-01T23:09:33+00:00
cortex__v2/02_composition/log2oe_cyclephase_by_cluster_louvain.csv,cortex__v2,02_composition,7,6,cluster_louvain|G1|G2M|Non-cycling|Post-M|S,,log2(observed/expected) enrichment of cyclephase_h per louvain,2026-10-01T23:09:33+00:00
cortex__v2/02_composition/log2oe_cyclephase_by_dissection.csv,cortex__v2,02_composition,3,6,dissection|G1|G2M|Non-cycling|Post-M|S,,log2(observed/expected) enrichment of cyclephase_h per Tissue,2026-10-01T23:09:32+00:00
cortex__v2/02_composition/log2oe_cyclephase_by_donor.csv,cortex__v2,02_composition,7,6,donor|G1|G2M|Non-cycling|Post-M|S,,log2(observed/expected) enrichment of cyclephase_h per Donor,2026-10-01T23:09:32+00:00
cortex__v2/02_composition/log2oe_cyclephase_by_region.csv,cortex__v2,02_composition,3,6,region|G1|G2M|Non-cycling|Post-M|S,,log2(observed/expected) enrichment of cyclephase_h per Tissue,2026-10-01T23:09:32+00:00
cortex__v2/02_composition/log2oe_cyclephase_by_sample.csv,cortex__v2,02_composition,43,6,sample|G1|G2M|Non-cycling|Post-M|S,,log2(observed/expected) enrichment of cyclephase_h per SampleID,2026-10-01T23:09:33+00:00
cortex__v2/02_composition/log2oe_cyclephase_by_subregion.csv,cortex__v2,02_composition,9,6,subregion|G1|G2M|Non-cycling|Post-M|S,,log2(observed/expected) enrichment of cyclephase_h per Shortname,2026-10-01T23:09:32+00:00
cortex__v2/02_composition/residuals_cell_class_by_age.csv,cortex__v2,02_composition,7,6,age|Glioblast|Neuroblast|Neuron|Neuronal IPC|Radial glia,,Standardised chi-square residuals (CellClass x age_pcw); |r|>2 notable,2026-10-01T23:09:31+00:00
cortex__v2/02_composition/residuals_cell_class_by_chemistry.csv,cortex__v2,02_composition,1,6,chemistry|Glioblast|Neuroblast|Neuron|Neuronal IPC|Radial glia,,Standardised chi-square residuals (CellClass x Chemistry); |r|>2 notable,2026-10-01T23:09:32+00:00
cortex__v2/02_composition/residuals_cell_class_by_cluster_Clusters.csv,cortex__v2,02_composition,55,6,cluster_Clusters|Glioblast|Neuroblast|Neuron|Neuronal IPC|Radial glia,,Standardised chi-square residuals (CellClass x Clusters); |r|>2 notable,2026-10-01T23:09:32+00:00
cortex__v2/02_composition/residuals_cell_class_by_cluster_ClustersModularity.csv,cortex__v2,02_composition,55,6,cluster_ClustersModularity|Glioblast|Neuroblast|Neuron|Neuronal IPC|Radial glia,,Standardised chi-square residuals (CellClass x ClustersModularity); |r|>2 notable,2026-10-01T23:09:32+00:00
cortex__v2/02_composition/residuals_cell_class_by_cluster_ClustersSurprise.csv,cortex__v2,02_composition,950,6,cluster_ClustersSurprise|Glioblast|Neuroblast|Neuron|Neuronal IPC|Radial glia,,Standardised chi-square residuals (CellClass x ClustersSurprise); |r|>2 notable,2026-10-01T23:09:32+00:00
cortex__v2/02_composition/residuals_cell_class_by_cluster_leiden_scVI.csv,cortex__v2,02_composition,13,6,cluster_leiden_scVI|Glioblast|Neuroblast|Neuron|Neuronal IPC|Radial glia,,Standardised chi-square residuals (CellClass x leiden_scVI); |r|>2 notable,2026-10-01T23:09:32+00:00
cortex__v2/02_composition/residuals_cell_class_by_cluster_louvain.csv,cortex__v2,02_composition,7,6,cluster_louvain|Glioblast|Neuroblast|Neuron|Neuronal IPC|Radial glia,,Standardised chi-square residuals (CellClass x louvain); |r|>2 notable,2026-10-01T23:09:32+00:00
cortex__v2/02_composition/residuals_cell_class_by_dissection.csv,cortex__v2,02_composition,3,6,dissection|Glioblast|Neuroblast|Neuron|Neuronal IPC|Radial glia,,Standardised chi-square residuals (CellClass x Tissue); |r|>2 notable,2026-10-01T23:09:32+00:00
cortex__v2/02_composition/residuals_cell_class_by_donor.csv,cortex__v2,02_composition,7,6,donor|Glioblast|Neuroblast|Neuron|Neuronal IPC|Radial glia,,Standardised chi-square residuals (CellClass x Donor); |r|>2 notable,2026-10-01T23:09:32+00:00
cortex__v2/02_composition/residuals_cell_class_by_region.csv,cortex__v2,02_composition,3,6,region|Glioblast|Neuroblast|Neuron|Neuronal IPC|Radial glia,,Standardised chi-square residuals (CellClass x Tissue); |r|>2 notable,2026-10-01T23:09:31+00:00
cortex__v2/02_composition/residuals_cell_class_by_sample.csv,cortex__v2,02_composition,43,6,sample|Glioblast|Neuroblast|Neuron|Neuronal IPC|Radial glia,,Standardised chi-square residuals (CellClass x SampleID); |r|>2 notable,2026-10-01T23:09:32+00:00
cortex__v2/02_composition/residuals_cell_class_by_subregion.csv,cortex__v2,02_composition,9,6,subregion|Glioblast|Neuroblast|Neuron|Neuronal IPC|Radial glia,,Standardised chi-square residuals (CellClass x Shortname); |r|>2 notable,2026-10-01T23:09:31+00:00
cortex__v2/02_composition/residuals_cyclephase_by_age.csv,cortex__v2,02_composition,7,6,age|G1|G2M|Non-cycling|Post-M|S,,Standardised chi-square residuals (cyclephase_h x age_pcw); |r|>2 notable,2026-10-01T23:09:32+00:00
cortex__v2/02_composition/residuals_cyclephase_by_chemistry.csv,cortex__v2,02_composition,1,6,chemistry|G1|G2M|Non-cycling|Post-M|S,,Standardised chi-square residuals (cyclephase_h x Chemistry); |r|>2 notable,2026-10-01T23:09:33+00:00
cortex__v2/02_composition/residuals_cyclephase_by_cluster_Clusters.csv,cortex__v2,02_composition,55,6,cluster_Clusters|G1|G2M|Non-cycling|Post-M|S,,Standardised chi-square residuals (cyclephase_h x Clusters); |r|>2 notable,2026-10-01T23:09:33+00:00
cortex__v2/02_composition/residuals_cyclephase_by_cluster_ClustersModularity.csv,cortex__v2,02_composition,55,6,cluster_ClustersModularity|G1|G2M|Non-cycling|Post-M|S,,Standardised chi-square residuals (cyclephase_h x ClustersModularity); |r|>2 notable,2026-10-01T23:09:33+00:00
cortex__v2/02_composition/residuals_cyclephase_by_cluster_ClustersSurprise.csv,cortex__v2,02_composition,950,6,cluster_ClustersSurprise|G1|G2M|Non-cycling|Post-M|S,,Standardised chi-square residuals (cyclephase_h x ClustersSurprise); |r|>2 notable,2026-10-01T23:09:33+00:00
cortex__v2/02_composition/residuals_cyclephase_by_cluster_leiden_scVI.csv,cortex__v2,02_composition,13,6,cluster_leiden_scVI|G1|G2M|Non-cycling|Post-M|S,,Standardised chi-square residuals (cyclephase_h x leiden_scVI); |r|>2 notable,2026-10-01T23:09:33+00:00
cortex__v2/02_composition/residuals_cyclephase_by_cluster_louvain.csv,cortex__v2,02_composition,7,6,cluster_louvain|G1|G2M|Non-cycling|Post-M|S,,Standardised chi-square residuals (cyclephase_h x louvain); |r|>2 notable,2026-10-01T23:09:33+00:00
cortex__v2/02_composition/residuals_cyclephase_by_dissection.csv,cortex__v2,02_composition,3,6,dissection|G1|G2M|Non-cycling|Post-M|S,,Standardised chi-square residuals (cyclephase_h x Tissue); |r|>2 notable,2026-10-01T23:09:32+00:00
cortex__v2/02_composition/residuals_cyclephase_by_donor.csv,cortex__v2,02_composition,7,6,donor|G1|G2M|Non-cycling|Post-M|S,,Standardised chi-square residuals (cyclephase_h x Donor); |r|>2 notable,2026-10-01T23:09:32+00:00
cortex__v2/02_composition/residuals_cyclephase_by_region.csv,cortex__v2,02_composition,3,6,region|G1|G2M|Non-cycling|Post-M|S,,Standardised chi-square residuals (cyclephase_h x Tissue); |r|>2 notable,2026-10-01T23:09:32+00:00
cortex__v2/02_composition/residuals_cyclephase_by_sample.csv,cortex__v2,02_composition,43,6,sample|G1|G2M|Non-cycling|Post-M|S,,Standardised chi-square residuals (cyclephase_h x SampleID); |r|>2 notable,2026-10-01T23:09:33+00:00
cortex__v2/02_composition/residuals_cyclephase_by_subregion.csv,cortex__v2,02_composition,9,6,subregion|G1|G2M|Non-cycling|Post-M|S,,Standardised chi-square residuals (cyclephase_h x Shortname); |r|>2 notable,2026-10-01T23:09:32+00:00
cortex__v2/03_cellcycle/cycle_scores_by_age.csv,cortex__v2,03_cellcycle,7,19,grouping|group_level|n_cells|cell_cycle_score_mean|cell_cycle_score_median|cell_cycle_score_sd|cycling_score_mean|cycling_score_median|cycling_score_sd|cc_g1_mean|cc_g1_median|cc_g1_sd|cc_s_mean|cc_s_median|cc_s_sd|cc_g2m_mean|cc_g2m_median|cc_g2m_sd|fraction_cycling,,Cell-cycle score statistics per age_pcw,2026-10-01T23:09:47+00:00
cortex__v2/03_cellcycle/cycle_scores_by_cell_class.csv,cortex__v2,03_cellcycle,5,19,grouping|group_level|n_cells|cell_cycle_score_mean|cell_cycle_score_median|cell_cycle_score_sd|cycling_score_mean|cycling_score_median|cycling_score_sd|cc_g1_mean|cc_g1_median|cc_g1_sd|cc_s_mean|cc_s_median|cc_s_sd|cc_g2m_mean|cc_g2m_median|cc_g2m_sd|fraction_cycling,,Cell-cycle score statistics per CellClass,2026-10-01T23:09:46+00:00
cortex__v2/03_cellcycle/cycle_scores_by_chemistry.csv,cortex__v2,03_cellcycle,1,19,grouping|group_level|n_cells|cell_cycle_score_mean|cell_cycle_score_median|cell_cycle_score_sd|cycling_score_mean|cycling_score_median|cycling_score_sd|cc_g1_mean|cc_g1_median|cc_g1_sd|cc_s_mean|cc_s_median|cc_s_sd|cc_g2m_mean|cc_g2m_median|cc_g2m_sd|fraction_cycling,,Cell-cycle score statistics per Chemistry,2026-10-01T23:09:46+00:00
cortex__v2/03_cellcycle/cycle_scores_by_cluster_Clusters.csv,cortex__v2,03_cellcycle,55,19,grouping|group_level|n_cells|cell_cycle_score_mean|cell_cycle_score_median|cell_cycle_score_sd|cycling_score_mean|cycling_score_median|cycling_score_sd|cc_g1_mean|cc_g1_median|cc_g1_sd|cc_s_mean|cc_s_median|cc_s_sd|cc_g2m_mean|cc_g2m_median|cc_g2m_sd|fraction_cycling,,Cell-cycle score statistics per Clusters,2026-10-01T23:09:47+00:00
cortex__v2/03_cellcycle/cycle_scores_by_cluster_ClustersModularity.csv,cortex__v2,03_cellcycle,55,19,grouping|group_level|n_cells|cell_cycle_score_mean|cell_cycle_score_median|cell_cycle_score_sd|cycling_score_mean|cycling_score_median|cycling_score_sd|cc_g1_mean|cc_g1_median|cc_g1_sd|cc_s_mean|cc_s_median|cc_s_sd|cc_g2m_mean|cc_g2m_median|cc_g2m_sd|fraction_cycling,,Cell-cycle score statistics per ClustersModularity,2026-10-01T23:09:47+00:00
cortex__v2/03_cellcycle/cycle_scores_by_cluster_ClustersSurprise.csv,cortex__v2,03_cellcycle,950,19,grouping|group_level|n_cells|cell_cycle_score_mean|cell_cycle_score_median|cell_cycle_score_sd|cycling_score_mean|cycling_score_median|cycling_score_sd|cc_g1_mean|cc_g1_median|cc_g1_sd|cc_s_mean|cc_s_median|cc_s_sd|cc_g2m_mean|cc_g2m_median|cc_g2m_sd|fraction_cycling,,Cell-cycle score statistics per ClustersSurprise,2026-10-01T23:09:47+00:00
cortex__v2/03_cellcycle/cycle_scores_by_cluster_leiden_scVI.csv,cortex__v2,03_cellcycle,13,19,grouping|group_level|n_cells|cell_cycle_score_mean|cell_cycle_score_median|cell_cycle_score_sd|cycling_score_mean|cycling_score_median|cycling_score_sd|cc_g1_mean|cc_g1_median|cc_g1_sd|cc_s_mean|cc_s_median|cc_s_sd|cc_g2m_mean|cc_g2m_median|cc_g2m_sd|fraction_cycling,,Cell-cycle score statistics per leiden_scVI,2026-10-01T23:09:47+00:00
cortex__v2/03_cellcycle/cycle_scores_by_cluster_louvain.csv,cortex__v2,03_cellcycle,7,19,grouping|group_level|n_cells|cell_cycle_score_mean|cell_cycle_score_median|cell_cycle_score_sd|cycling_score_mean|cycling_score_median|cycling_score_sd|cc_g1_mean|cc_g1_median|cc_g1_sd|cc_s_mean|cc_s_median|cc_s_sd|cc_g2m_mean|cc_g2m_median|cc_g2m_sd|fraction_cycling,,Cell-cycle score statistics per louvain,2026-10-01T23:09:47+00:00
cortex__v2/03_cellcycle/cycle_scores_by_donor.csv,cortex__v2,03_cellcycle,7,19,grouping|group_level|n_cells|cell_cycle_score_mean|cell_cycle_score_median|cell_cycle_score_sd|cycling_score_mean|cycling_score_median|cycling_score_sd|cc_g1_mean|cc_g1_median|cc_g1_sd|cc_s_mean|cc_s_median|cc_s_sd|cc_g2m_mean|cc_g2m_median|cc_g2m_sd|fraction_cycling,,Cell-cycle score statistics per Donor,2026-10-01T23:09:46+00:00
cortex__v2/03_cellcycle/cycle_scores_by_region.csv,cortex__v2,03_cellcycle,3,19,grouping|group_level|n_cells|cell_cycle_score_mean|cell_cycle_score_median|cell_cycle_score_sd|cycling_score_mean|cycling_score_median|cycling_score_sd|cc_g1_mean|cc_g1_median|cc_g1_sd|cc_s_mean|cc_s_median|cc_s_sd|cc_g2m_mean|cc_g2m_median|cc_g2m_sd|fraction_cycling,,Cell-cycle score statistics per Tissue,2026-10-01T23:09:46+00:00
cortex__v2/03_cellcycle/cycle_scores_by_sample.csv,cortex__v2,03_cellcycle,43,19,grouping|group_level|n_cells|cell_cycle_score_mean|cell_cycle_score_median|cell_cycle_score_sd|cycling_score_mean|cycling_score_median|cycling_score_sd|cc_g1_mean|cc_g1_median|cc_g1_sd|cc_s_mean|cc_s_median|cc_s_sd|cc_g2m_mean|cc_g2m_median|cc_g2m_sd|fraction_cycling,,Cell-cycle score statistics per SampleID,2026-10-01T23:09:46+00:00
cortex__v2/03_cellcycle/cycle_scores_by_subregion.csv,cortex__v2,03_cellcycle,9,19,grouping|group_level|n_cells|cell_cycle_score_mean|cell_cycle_score_median|cell_cycle_score_sd|cycling_score_mean|cycling_score_median|cycling_score_sd|cc_g1_mean|cc_g1_median|cc_g1_sd|cc_s_mean|cc_s_median|cc_s_sd|cc_g2m_mean|cc_g2m_median|cc_g2m_sd|fraction_cycling,,Cell-cycle score statistics per Shortname,2026-10-01T23:09:46+00:00
cortex__v2/03_cellcycle/cycling_summary.csv,cortex__v2,03_cellcycle,5,6,cell_class|n_cells|fraction_cycling|age_min|age_max|age_median,,Per cell class: overall cycling fraction and age span,2026-10-01T23:09:47+00:00
cortex__v2/03_cellcycle/phase_fractions_by_age.csv,cortex__v2,03_cellcycle,7,7,age|n_cells|G1|G2M|Non-cycling|Post-M|S,,Cell-cycle phase composition per age_pcw,2026-10-01T23:09:47+00:00
cortex__v2/03_cellcycle/phase_fractions_by_cell_class.csv,cortex__v2,03_cellcycle,5,7,cell_class|n_cells|G1|G2M|Non-cycling|Post-M|S,,Cell-cycle phase composition per CellClass,2026-10-01T23:09:46+00:00
cortex__v2/03_cellcycle/phase_fractions_by_chemistry.csv,cortex__v2,03_cellcycle,1,7,chemistry|n_cells|G1|G2M|Non-cycling|Post-M|S,,Cell-cycle phase composition per Chemistry,2026-10-01T23:09:46+00:00
cortex__v2/03_cellcycle/phase_fractions_by_cluster_Clusters.csv,cortex__v2,03_cellcycle,55,7,cluster_Clusters|n_cells|G1|G2M|Non-cycling|Post-M|S,,Cell-cycle phase composition per Clusters,2026-10-01T23:09:47+00:00
cortex__v2/03_cellcycle/phase_fractions_by_cluster_ClustersModularity.csv,cortex__v2,03_cellcycle,55,7,cluster_ClustersModularity|n_cells|G1|G2M|Non-cycling|Post-M|S,,Cell-cycle phase composition per ClustersModularity,2026-10-01T23:09:47+00:00
cortex__v2/03_cellcycle/phase_fractions_by_cluster_ClustersSurprise.csv,cortex__v2,03_cellcycle,950,7,cluster_ClustersSurprise|n_cells|G1|G2M|Non-cycling|Post-M|S,,Cell-cycle phase composition per ClustersSurprise,2026-10-01T23:09:47+00:00
cortex__v2/03_cellcycle/phase_fractions_by_cluster_leiden_scVI.csv,cortex__v2,03_cellcycle,13,7,cluster_leiden_scVI|n_cells|G1|G2M|Non-cycling|Post-M|S,,Cell-cycle phase composition per leiden_scVI,2026-10-01T23:09:47+00:00
cortex__v2/03_cellcycle/phase_fractions_by_cluster_louvain.csv,cortex__v2,03_cellcycle,7,7,cluster_louvain|n_cells|G1|G2M|Non-cycling|Post-M|S,,Cell-cycle phase composition per louvain,2026-10-01T23:09:47+00:00
cortex__v2/03_cellcycle/phase_fractions_by_donor.csv,cortex__v2,03_cellcycle,7,7,donor|n_cells|G1|G2M|Non-cycling|Post-M|S,,Cell-cycle phase composition per Donor,2026-10-01T23:09:46+00:00
cortex__v2/03_cellcycle/phase_fractions_by_region.csv,cortex__v2,03_cellcycle,3,7,region|n_cells|G1|G2M|Non-cycling|Post-M|S,,Cell-cycle phase composition per Tissue,2026-10-01T23:09:46+00:00
cortex__v2/03_cellcycle/phase_fractions_by_sample.csv,cortex__v2,03_cellcycle,43,7,sample|n_cells|G1|G2M|Non-cycling|Post-M|S,,Cell-cycle phase composition per SampleID,2026-10-01T23:09:46+00:00
cortex__v2/03_cellcycle/phase_fractions_by_subregion.csv,cortex__v2,03_cellcycle,9,7,subregion|n_cells|G1|G2M|Non-cycling|Post-M|S,,Cell-cycle phase composition per Shortname,2026-10-01T23:09:46+00:00
cortex__v2/03_cellcycle/proliferation_trajectory.csv,cortex__v2,03_cellcycle,35,15,cell_class|age_pcw|n_cells|fraction_cycling|cell_cycle_score_mean|cell_cycle_score_median|cycling_score_mean|cycling_score_median|cc_g1_mean|cc_g1_median|cc_s_mean|cc_s_median|cc_g2m_mean|cc_g2m_median|below_min_cells,,Cycling fraction and cycle scores per cell class per week -- shows when each progenitor class exits the cycle,2026-10-01T23:09:47+00:00
cortex__v2/04_clusters/cluster_composition_ClustersModularity_by_cell_class.csv,cortex__v2,04_cluster_profiles,55,6,cluster|Glioblast|Neuroblast|Neuron|Neuronal IPC|Radial glia,,Fraction of each ClustersModularity cluster made up of each CellClass,2026-10-01T23:09:58+00:00
cortex__v2/04_clusters/cluster_composition_ClustersModularity_by_chemistry.csv,cortex__v2,04_cluster_profiles,55,2,cluster|v2,,Fraction of each ClustersModularity cluster made up of each Chemistry,2026-10-01T23:09:59+00:00
cortex__v2/04_clusters/cluster_composition_ClustersModularity_by_cyclephase.csv,cortex__v2,04_cluster_profiles,55,6,cluster|G1|G2M|Non-cycling|PostM|S,,Fraction of each ClustersModularity cluster made up of each CellCyclePhase,2026-10-01T23:09:58+00:00
cortex__v2/04_clusters/cluster_composition_ClustersModularity_by_donor.csv,cortex__v2,04_cluster_profiles,55,8,cluster|BRC2006|BRC2114|XDD:3766:313|XHU:0542:305|XHU:1405:297|XHU:1966:307|XHU:4901:292,,Fraction of each ClustersModularity cluster made up of each Donor,2026-10-01T23:09:58+00:00
cortex__v2/04_clusters/cluster_composition_ClustersModularity_by_region.csv,cortex__v2,04_cluster_profiles,55,4,cluster|Cortex|Forebrain|Forebrain cortex,,Fraction of each ClustersModularity cluster made up of each Tissue,2026-10-01T23:09:58+00:00
cortex__v2/04_clusters/cluster_composition_ClustersModularity_by_sample.csv,cortex__v2,04_cluster_profiles,55,44,cluster|10X101_1|10X101_2|10X101_3|10X101_4|10X101_5|10X101_6|10X101_7|10X101_8|10X102_2|10X102_3|10X102_4|10X102_5|10X102_6|10X102_7|10X102_8|10X111_1|10X111_2|10X112_1|10X112_2|10X114_1|10X114_3|10X114_4|10X115_1|10X115_2|10X115_3|10X115_5|10X115_6|10X124_3|10X124_4|10X125_3|10X125_4|10X132_1|10X132_2|10X132_3|10X132_4|10X132_5|10X132_6|10X132_7|10X132_8,,Fraction of each ClustersModularity cluster made up of each SampleID,2026-10-01T23:09:58+00:00
cortex__v2/04_clusters/cluster_composition_ClustersModularity_by_subregion.csv,cortex__v2,04_cluster_profiles,55,10,cluster|BRC2006_Cortex|BRC2114_Cortex|XDD:3766:313_Forebrain|XHU:0542:305_Forebrain|XHU:1405:297_Cortex|XHU:1405:297_Forebrain|XHU:1966:307_Cortex|XHU:1966:307_Forebrain|XHU:4901:292_Forebrain_cortex,,Fraction of each ClustersModularity cluster made up of each Shortname,2026-10-01T23:09:58+00:00
cortex__v2/04_clusters/cluster_composition_ClustersSurprise_by_cell_class.csv,cortex__v2,04_cluster_profiles,950,6,cluster|Glioblast|Neuroblast|Neuron|Neuronal IPC|Radial glia,,Fraction of each ClustersSurprise cluster made up of each CellClass,2026-10-01T23:09:59+00:00
cortex__v2/04_clusters/cluster_composition_ClustersSurprise_by_chemistry.csv,cortex__v2,04_cluster_profiles,950,2,cluster|v2,,Fraction of each ClustersSurprise cluster made up of each Chemistry,2026-10-01T23:10:01+00:00
cortex__v2/04_clusters/cluster_composition_ClustersSurprise_by_cyclephase.csv,cortex__v2,04_cluster_profiles,950,6,cluster|G1|G2M|Non-cycling|PostM|S,,Fraction of each ClustersSurprise cluster made up of each CellCyclePhase,2026-10-01T23:10:00+00:00
cortex__v2/04_clusters/cluster_composition_ClustersSurprise_by_donor.csv,cortex__v2,04_cluster_profiles,950,8,cluster|BRC2006|BRC2114|XDD:3766:313|XHU:0542:305|XHU:1405:297|XHU:1966:307|XHU:4901:292,,Fraction of each ClustersSurprise cluster made up of each Donor,2026-10-01T23:10:00+00:00
cortex__v2/04_clusters/cluster_composition_ClustersSurprise_by_region.csv,cortex__v2,04_cluster_profiles,950,4,cluster|Cortex|Forebrain|Forebrain cortex,,Fraction of each ClustersSurprise cluster made up of each Tissue,2026-10-01T23:09:59+00:00
cortex__v2/04_clusters/cluster_composition_ClustersSurprise_by_sample.csv,cortex__v2,04_cluster_profiles,950,44,cluster|10X101_1|10X101_2|10X101_3|10X101_4|10X101_5|10X101_6|10X101_7|10X101_8|10X102_2|10X102_3|10X102_4|10X102_5|10X102_6|10X102_7|10X102_8|10X111_1|10X111_2|10X112_1|10X112_2|10X114_1|10X114_3|10X114_4|10X115_1|10X115_2|10X115_3|10X115_5|10X115_6|10X124_3|10X124_4|10X125_3|10X125_4|10X132_1|10X132_2|10X132_3|10X132_4|10X132_5|10X132_6|10X132_7|10X132_8,,Fraction of each ClustersSurprise cluster made up of each SampleID,2026-10-01T23:10:01+00:00
cortex__v2/04_clusters/cluster_composition_ClustersSurprise_by_subregion.csv,cortex__v2,04_cluster_profiles,950,10,cluster|BRC2006_Cortex|BRC2114_Cortex|XDD:3766:313_Forebrain|XHU:0542:305_Forebrain|XHU:1405:297_Cortex|XHU:1405:297_Forebrain|XHU:1966:307_Cortex|XHU:1966:307_Forebrain|XHU:4901:292_Forebrain_cortex,,Fraction of each ClustersSurprise cluster made up of each Shortname,2026-10-01T23:10:00+00:00
cortex__v2/04_clusters/cluster_composition_Clusters_by_cell_class.csv,cortex__v2,04_cluster_profiles,55,6,cluster|Glioblast|Neuroblast|Neuron|Neuronal IPC|Radial glia,,Fraction of each Clusters cluster made up of each CellClass,2026-10-01T23:09:56+00:00
cortex__v2/04_clusters/cluster_composition_Clusters_by_chemistry.csv,cortex__v2,04_cluster_profiles,55,2,cluster|v2,,Fraction of each Clusters cluster made up of each Chemistry,2026-10-01T23:09:57+00:00
cortex__v2/04_clusters/cluster_composition_Clusters_by_cyclephase.csv,cortex__v2,04_cluster_profiles,55,6,cluster|G1|G2M|Non-cycling|PostM|S,,Fraction of each Clusters cluster made up of each CellCyclePhase,2026-10-01T23:09:57+00:00
cortex__v2/04_clusters/cluster_composition_Clusters_by_donor.csv,cortex__v2,04_cluster_profiles,55,8,cluster|BRC2006|BRC2114|XDD:3766:313|XHU:0542:305|XHU:1405:297|XHU:1966:307|XHU:4901:292,,Fraction of each Clusters cluster made up of each Donor,2026-10-01T23:09:57+00:00
cortex__v2/04_clusters/cluster_composition_Clusters_by_region.csv,cortex__v2,04_cluster_profiles,55,4,cluster|Cortex|Forebrain|Forebrain cortex,,Fraction of each Clusters cluster made up of each Tissue,2026-10-01T23:09:56+00:00
cortex__v2/04_clusters/cluster_composition_Clusters_by_sample.csv,cortex__v2,04_cluster_profiles,55,44,cluster|10X101_1|10X101_2|10X101_3|10X101_4|10X101_5|10X101_6|10X101_7|10X101_8|10X102_2|10X102_3|10X102_4|10X102_5|10X102_6|10X102_7|10X102_8|10X111_1|10X111_2|10X112_1|10X112_2|10X114_1|10X114_3|10X114_4|10X115_1|10X115_2|10X115_3|10X115_5|10X115_6|10X124_3|10X124_4|10X125_3|10X125_4|10X132_1|10X132_2|10X132_3|10X132_4|10X132_5|10X132_6|10X132_7|10X132_8,,Fraction of each Clusters cluster made up of each SampleID,2026-10-01T23:09:57+00:00
cortex__v2/04_clusters/cluster_composition_Clusters_by_subregion.csv,cortex__v2,04_cluster_profiles,55,10,cluster|BRC2006_Cortex|BRC2114_Cortex|XDD:3766:313_Forebrain|XHU:0542:305_Forebrain|XHU:1405:297_Cortex|XHU:1405:297_Forebrain|XHU:1966:307_Cortex|XHU:1966:307_Forebrain|XHU:4901:292_Forebrain_cortex,,Fraction of each Clusters cluster made up of each Shortname,2026-10-01T23:09:57+00:00
cortex__v2/04_clusters/cluster_composition_leiden_scVI_by_cell_class.csv,cortex__v2,04_cluster_profiles,13,6,cluster|Glioblast|Neuroblast|Neuron|Neuronal IPC|Radial glia,,Fraction of each leiden_scVI cluster made up of each CellClass,2026-10-01T23:10:01+00:00
cortex__v2/04_clusters/cluster_composition_leiden_scVI_by_chemistry.csv,cortex__v2,04_cluster_profiles,13,2,cluster|v2,,Fraction of each leiden_scVI cluster made up of each Chemistry,2026-10-01T23:10:02+00:00
cortex__v2/04_clusters/cluster_composition_leiden_scVI_by_cyclephase.csv,cortex__v2,04_cluster_profiles,13,6,cluster|G1|G2M|Non-cycling|PostM|S,,Fraction of each leiden_scVI cluster made up of each CellCyclePhase,2026-10-01T23:10:02+00:00
cortex__v2/04_clusters/cluster_composition_leiden_scVI_by_donor.csv,cortex__v2,04_cluster_profiles,13,8,cluster|BRC2006|BRC2114|XDD:3766:313|XHU:0542:305|XHU:1405:297|XHU:1966:307|XHU:4901:292,,Fraction of each leiden_scVI cluster made up of each Donor,2026-10-01T23:10:02+00:00
cortex__v2/04_clusters/cluster_composition_leiden_scVI_by_region.csv,cortex__v2,04_cluster_profiles,13,4,cluster|Cortex|Forebrain|Forebrain cortex,,Fraction of each leiden_scVI cluster made up of each Tissue,2026-10-01T23:10:01+00:00
cortex__v2/04_clusters/cluster_composition_leiden_scVI_by_sample.csv,cortex__v2,04_cluster_profiles,13,44,cluster|10X101_1|10X101_2|10X101_3|10X101_4|10X101_5|10X101_6|10X101_7|10X101_8|10X102_2|10X102_3|10X102_4|10X102_5|10X102_6|10X102_7|10X102_8|10X111_1|10X111_2|10X112_1|10X112_2|10X114_1|10X114_3|10X114_4|10X115_1|10X115_2|10X115_3|10X115_5|10X115_6|10X124_3|10X124_4|10X125_3|10X125_4|10X132_1|10X132_2|10X132_3|10X132_4|10X132_5|10X132_6|10X132_7|10X132_8,,Fraction of each leiden_scVI cluster made up of each SampleID,2026-10-01T23:10:02+00:00
cortex__v2/04_clusters/cluster_composition_leiden_scVI_by_subregion.csv,cortex__v2,04_cluster_profiles,13,10,cluster|BRC2006_Cortex|BRC2114_Cortex|XDD:3766:313_Forebrain|XHU:0542:305_Forebrain|XHU:1405:297_Cortex|XHU:1405:297_Forebrain|XHU:1966:307_Cortex|XHU:1966:307_Forebrain|XHU:4901:292_Forebrain_cortex,,Fraction of each leiden_scVI cluster made up of each Shortname,2026-10-01T23:10:02+00:00
cortex__v2/04_clusters/cluster_composition_louvain_by_cell_class.csv,cortex__v2,04_cluster_profiles,7,6,cluster|Glioblast|Neuroblast|Neuron|Neuronal IPC|Radial glia,,Fraction of each louvain cluster made up of each CellClass,2026-10-01T23:10:03+00:00
cortex__v2/04_clusters/cluster_composition_louvain_by_chemistry.csv,cortex__v2,04_cluster_profiles,7,2,cluster|v2,,Fraction of each louvain cluster made up of each Chemistry,2026-10-01T23:10:03+00:00
cortex__v2/04_clusters/cluster_composition_louvain_by_cyclephase.csv,cortex__v2,04_cluster_profiles,7,6,cluster|G1|G2M|Non-cycling|PostM|S,,Fraction of each louvain cluster made up of each CellCyclePhase,2026-10-01T23:10:03+00:00
cortex__v2/04_clusters/cluster_composition_louvain_by_donor.csv,cortex__v2,04_cluster_profiles,7,8,cluster|BRC2006|BRC2114|XDD:3766:313|XHU:0542:305|XHU:1405:297|XHU:1966:307|XHU:4901:292,,Fraction of each louvain cluster made up of each Donor,2026-10-01T23:10:03+00:00
cortex__v2/04_clusters/cluster_composition_louvain_by_region.csv,cortex__v2,04_cluster_profiles,7,4,cluster|Cortex|Forebrain|Forebrain cortex,,Fraction of each louvain cluster made up of each Tissue,2026-10-01T23:10:03+00:00
cortex__v2/04_clusters/cluster_composition_louvain_by_sample.csv,cortex__v2,04_cluster_profiles,7,44,cluster|10X101_1|10X101_2|10X101_3|10X101_4|10X101_5|10X101_6|10X101_7|10X101_8|10X102_2|10X102_3|10X102_4|10X102_5|10X102_6|10X102_7|10X102_8|10X111_1|10X111_2|10X112_1|10X112_2|10X114_1|10X114_3|10X114_4|10X115_1|10X115_2|10X115_3|10X115_5|10X115_6|10X124_3|10X124_4|10X125_3|10X125_4|10X132_1|10X132_2|10X132_3|10X132_4|10X132_5|10X132_6|10X132_7|10X132_8,,Fraction of each louvain cluster made up of each SampleID,2026-10-01T23:10:03+00:00
cortex__v2/04_clusters/cluster_composition_louvain_by_subregion.csv,cortex__v2,04_cluster_profiles,7,10,cluster|BRC2006_Cortex|BRC2114_Cortex|XDD:3766:313_Forebrain|XHU:0542:305_Forebrain|XHU:1405:297_Cortex|XHU:1405:297_Forebrain|XHU:1966:307_Cortex|XHU:1966:307_Forebrain|XHU:4901:292_Forebrain_cortex,,Fraction of each louvain cluster made up of each Shortname,2026-10-01T23:10:03+00:00
cortex__v2/04_clusters/cluster_profile_Clusters.csv,cortex__v2,04_cluster_profiles,55,50,clustering|cluster|n_cells|fraction_of_dataset|dominant_cell_class|purity_cell_class|entropy_cell_class|n_distinct_cell_class|dominant_region|purity_region|entropy_region|n_distinct_region|dominant_subregion|purity_subregion|entropy_subregion|n_distinct_subregion|dominant_cyclephase|purity_cyclephase|entropy_cyclephase|n_distinct_cyclephase|dominant_donor|purity_donor|entropy_donor|n_distinct_donor|dominant_sample|purity_sample|entropy_sample|n_distinct_sample|dominant_chemistry|purity_chemistry|entropy_chemistry|n_distinct_chemistry|age_pcw_median|age_pcw_min|age_pcw_max|age_span_weeks|frac_mito_median|frac_unspliced_median|n_genes_median|total_umis_median,,Per-cluster profile for Clusters: purity/entropy vs biology and batch,2026-10-01T23:09:57+00:00
cortex__v2/04_clusters/cluster_profile_ClustersModularity.csv,cortex__v2,04_cluster_profiles,55,50,clustering|cluster|n_cells|fraction_of_dataset|dominant_cell_class|purity_cell_class|entropy_cell_class|n_distinct_cell_class|dominant_region|purity_region|entropy_region|n_distinct_region|dominant_subregion|purity_subregion|entropy_subregion|n_distinct_subregion|dominant_cyclephase|purity_cyclephase|entropy_cyclephase|n_distinct_cyclephase|dominant_donor|purity_donor|entropy_donor|n_distinct_donor|dominant_sample|purity_sample|entropy_sample|n_distinct_sample|dominant_chemistry|purity_chemistry|entropy_chemistry|n_distinct_chemistry|age_pcw_median|age_pcw_min|age_pcw_max|age_span_weeks|frac_mito_median|frac_unspliced_median|n_genes_median|total_umis_median,,Per-cluster profile for ClustersModularity: purity/entropy vs biology and batch,2026-10-01T23:09:59+00:00
cortex__v2/04_clusters/cluster_profile_ClustersSurprise.csv,cortex__v2,04_cluster_profiles,950,50,clustering|cluster|n_cells|fraction_of_dataset|dominant_cell_class|purity_cell_class|entropy_cell_class|n_distinct_cell_class|dominant_region|purity_region|entropy_region|n_distinct_region|dominant_subregion|purity_subregion|entropy_subregion|n_distinct_subregion|dominant_cyclephase|purity_cyclephase|entropy_cyclephase|n_distinct_cyclephase|dominant_donor|purity_donor|entropy_donor|n_distinct_donor|dominant_sample|purity_sample|entropy_sample|n_distinct_sample|dominant_chemistry|purity_chemistry|entropy_chemistry|n_distinct_chemistry|age_pcw_median|age_pcw_min|age_pcw_max|age_span_weeks|frac_mito_median|frac_unspliced_median|n_genes_median|total_umis_median,,Per-cluster profile for ClustersSurprise: purity/entropy vs biology and batch,2026-10-01T23:10:01+00:00
cortex__v2/04_clusters/cluster_profile_leiden_scVI.csv,cortex__v2,04_cluster_profiles,13,50,clustering|cluster|n_cells|fraction_of_dataset|dominant_cell_class|purity_cell_class|entropy_cell_class|n_distinct_cell_class|dominant_region|purity_region|entropy_region|n_distinct_region|dominant_subregion|purity_subregion|entropy_subregion|n_distinct_subregion|dominant_cyclephase|purity_cyclephase|entropy_cyclephase|n_distinct_cyclephase|dominant_donor|purity_donor|entropy_donor|n_distinct_donor|dominant_sample|purity_sample|entropy_sample|n_distinct_sample|dominant_chemistry|purity_chemistry|entropy_chemistry|n_distinct_chemistry|age_pcw_median|age_pcw_min|age_pcw_max|age_span_weeks|frac_mito_median|frac_unspliced_median|n_genes_median|total_umis_median,,Per-cluster profile for leiden_scVI: purity/entropy vs biology and batch,2026-10-01T23:10:02+00:00
cortex__v2/04_clusters/cluster_profile_louvain.csv,cortex__v2,04_cluster_profiles,7,50,clustering|cluster|n_cells|fraction_of_dataset|dominant_cell_class|purity_cell_class|entropy_cell_class|n_distinct_cell_class|dominant_region|purity_region|entropy_region|n_distinct_region|dominant_subregion|purity_subregion|entropy_subregion|n_distinct_subregion|dominant_cyclephase|purity_cyclephase|entropy_cyclephase|n_distinct_cyclephase|dominant_donor|purity_donor|entropy_donor|n_distinct_donor|dominant_sample|purity_sample|entropy_sample|n_distinct_sample|dominant_chemistry|purity_chemistry|entropy_chemistry|n_distinct_chemistry|age_pcw_median|age_pcw_min|age_pcw_max|age_span_weeks|frac_mito_median|frac_unspliced_median|n_genes_median|total_umis_median,,Per-cluster profile for louvain: purity/entropy vs biology and batch,2026-10-01T23:10:04+00:00
cortex__v2/04_clusters/clustering_agreement.csv,cortex__v2,04_cluster_profiles,10,6,clustering_a|clustering_b|n_clusters_a|n_clusters_b|adjusted_rand_index|normalized_mutual_info,,Pairwise ARI/NMI between clusterings -- near 1 means the partitions are relabellings of the same structure,2026-10-01T23:10:04+00:00
cortex__v2/04_clusters/clustering_overview.csv,cortex__v2,04_cluster_profiles,5,10,clustering|n_clusters|median_cluster_size|min_cluster_size|max_cluster_size|n_clusters_below_min_cells|n_batch_dominated_flag|n_single_sample_flag|mean_purity_cell_class|mean_purity_donor,,One row per clustering column: granularity and purity summary,2026-10-01T23:10:04+00:00
cortex__v2/05_confounds/confound_warnings.csv,cortex__v2,05_covariate_confounds,41,8,covariate_a|covariate_b|n_levels_a|n_levels_b|cramers_v|fully_nested_a_in_b|fully_nested_b_in_a|verdict,,Covariate pairs entangled enough to confound downstream comparisons,2026-10-01T23:10:31+00:00
cortex__v2/05_confounds/covariate_association_matrix.csv,cortex__v2,05_covariate_confounds,12,13,covariate|age|donor|sample|region|subregion|dissection|cell_class|cyclephase|cluster_Clusters|cluster_ClustersModularity|cluster_leiden_scVI|cluster_louvain,,Square bias-corrected Cramer's V matrix between covariates,2026-10-01T23:10:31+00:00
cortex__v2/05_confounds/covariate_association_pairs.csv,cortex__v2,05_covariate_confounds,66,8,covariate_a|covariate_b|n_levels_a|n_levels_b|cramers_v|fully_nested_a_in_b|fully_nested_b_in_a|verdict,,"Covariate pairs ranked by Cramer's V, with nesting and a verdict",2026-10-01T23:10:31+00:00
cortex__v2/05_confounds/crosstab_age_x_donor.csv,cortex__v2,05_covariate_confounds,7,8,age|BRC2006|BRC2114|XDD:3766:313|XHU:0542:305|XHU:1405:297|XHU:1966:307|XHU:4901:292,,Cell counts age x donor -- read zero cells as unsupported contrasts,2026-10-01T23:10:34+00:00
cortex__v2/05_confounds/crosstab_age_x_region.csv,cortex__v2,05_covariate_confounds,7,4,age|Cortex|Forebrain|Forebrain cortex,,Cell counts age x region -- read zero cells as unsupported contrasts,2026-10-01T23:10:34+00:00
cortex__v2/05_confounds/crosstab_cell_class_x_donor.csv,cortex__v2,05_covariate_confounds,5,8,cell_class|BRC2006|BRC2114|XDD:3766:313|XHU:0542:305|XHU:1405:297|XHU:1966:307|XHU:4901:292,,Cell counts cell_class x donor -- read zero cells as unsupported contrasts,2026-10-01T23:10:34+00:00
cortex__v2/05_confounds/crosstab_region_x_donor.csv,cortex__v2,05_covariate_confounds,3,8,region|BRC2006|BRC2114|XDD:3766:313|XHU:0542:305|XHU:1405:297|XHU:1966:307|XHU:4901:292,,Cell counts region x donor -- read zero cells as unsupported contrasts,2026-10-01T23:10:34+00:00
cortex__v2/05_confounds/qc_variance_explained.csv,cortex__v2,05_covariate_confounds,132,3,covariate|qc_metric|eta_squared,,eta-squared: fraction of each QC metric's variance explained by each covariate (high = technical structure),2026-10-01T23:10:34+00:00
cortex__v2/06_embeddings/batch_mixing_PCA.csv,cortex__v2,06_embeddings,50,8,embedding|batch_variable|label|n_cells|observed_same_fraction|expected_same_fraction|mixing_ratio|interpretation,,"kNN batch-mixing in PCA: observed vs expected same-batch neighbour fraction (k=30, n=20,000 cells)",2026-10-01T23:11:22+00:00
cortex__v2/06_embeddings/batch_mixing_TSNE.csv,cortex__v2,06_embeddings,50,8,embedding|batch_variable|label|n_cells|observed_same_fraction|expected_same_fraction|mixing_ratio|interpretation,,"kNN batch-mixing in TSNE: observed vs expected same-batch neighbour fraction (k=30, n=20,000 cells)",2026-10-01T23:11:19+00:00
cortex__v2/06_embeddings/batch_mixing_UMAP.csv,cortex__v2,06_embeddings,50,8,embedding|batch_variable|label|n_cells|observed_same_fraction|expected_same_fraction|mixing_ratio|interpretation,,"kNN batch-mixing in UMAP: observed vs expected same-batch neighbour fraction (k=30, n=20,000 cells)",2026-10-01T23:11:14+00:00
cortex__v2/06_embeddings/batch_mixing_UMAP3D.csv,cortex__v2,06_embeddings,50,8,embedding|batch_variable|label|n_cells|observed_same_fraction|expected_same_fraction|mixing_ratio|interpretation,,"kNN batch-mixing in UMAP3D: observed vs expected same-batch neighbour fraction (k=30, n=20,000 cells)",2026-10-01T23:11:23+00:00
cortex__v2/06_embeddings/batch_mixing_X_scVI.csv,cortex__v2,06_embeddings,50,8,embedding|batch_variable|label|n_cells|observed_same_fraction|expected_same_fraction|mixing_ratio|interpretation,,"kNN batch-mixing in X_scVI: observed vs expected same-batch neighbour fraction (k=30, n=20,000 cells)",2026-10-01T23:11:18+00:00
cortex__v2/06_embeddings/batch_mixing_X_umap.csv,cortex__v2,06_embeddings,50,8,embedding|batch_variable|label|n_cells|observed_same_fraction|expected_same_fraction|mixing_ratio|interpretation,,"kNN batch-mixing in X_umap: observed vs expected same-batch neighbour fraction (k=30, n=20,000 cells)",2026-10-01T23:11:13+00:00
cortex__v2/06_embeddings/centroid_distances_PCA_cell_class.csv,cortex__v2,06_embeddings,5,6,group|Glioblast|Neuroblast|Neuron|Neuronal IPC|Radial glia,,Euclidean distances between CellClass centroids in PCA,2026-10-01T23:11:20+00:00
cortex__v2/06_embeddings/centroid_distances_PCA_cyclephase.csv,cortex__v2,06_embeddings,5,6,group|G1|G2M|Non-cycling|PostM|S,,Euclidean distances between CellCyclePhase centroids in PCA,2026-10-01T23:11:20+00:00
cortex__v2/06_embeddings/centroid_distances_PCA_donor.csv,cortex__v2,06_embeddings,7,8,group|BRC2006|BRC2114|XDD:3766:313|XHU:0542:305|XHU:1405:297|XHU:1966:307|XHU:4901:292,,Euclidean distances between Donor centroids in PCA,2026-10-01T23:11:20+00:00
cortex__v2/06_embeddings/centroid_distances_PCA_region.csv,cortex__v2,06_embeddings,3,4,group|Cortex|Forebrain|Forebrain cortex,,Euclidean distances between Tissue centroids in PCA,2026-10-01T23:11:20+00:00
cortex__v2/06_embeddings/centroid_distances_PCA_subregion.csv,cortex__v2,06_embeddings,9,10,group|BRC2006_Cortex|BRC2114_Cortex|XDD:3766:313_Forebrain|XHU:0542:305_Forebrain|XHU:1405:297_Cortex|XHU:1405:297_Forebrain|XHU:1966:307_Cortex|XHU:1966:307_Forebrain|XHU:4901:292_Forebrain_cortex,,Euclidean distances between Shortname centroids in PCA,2026-10-01T23:11:20+00:00
cortex__v2/06_embeddings/centroid_distances_TSNE_cell_class.csv,cortex__v2,06_embeddings,5,6,group|Glioblast|Neuroblast|Neuron|Neuronal IPC|Radial glia,,Euclidean distances between CellClass centroids in TSNE,2026-10-01T23:11:18+00:00
cortex__v2/06_embeddings/centroid_distances_TSNE_cyclephase.csv,cortex__v2,06_embeddings,5,6,group|G1|G2M|Non-cycling|PostM|S,,Euclidean distances between CellCyclePhase centroids in TSNE,2026-10-01T23:11:19+00:00
cortex__v2/06_embeddings/centroid_distances_TSNE_donor.csv,cortex__v2,06_embeddings,7,8,group|BRC2006|BRC2114|XDD:3766:313|XHU:0542:305|XHU:1405:297|XHU:1966:307|XHU:4901:292,,Euclidean distances between Donor centroids in TSNE,2026-10-01T23:11:19+00:00
cortex__v2/06_embeddings/centroid_distances_TSNE_region.csv,cortex__v2,06_embeddings,3,4,group|Cortex|Forebrain|Forebrain cortex,,Euclidean distances between Tissue centroids in TSNE,2026-10-01T23:11:18+00:00
cortex__v2/06_embeddings/centroid_distances_TSNE_subregion.csv,cortex__v2,06_embeddings,9,10,group|BRC2006_Cortex|BRC2114_Cortex|XDD:3766:313_Forebrain|XHU:0542:305_Forebrain|XHU:1405:297_Cortex|XHU:1405:297_Forebrain|XHU:1966:307_Cortex|XHU:1966:307_Forebrain|XHU:4901:292_Forebrain_cortex,,Euclidean distances between Shortname centroids in TSNE,2026-10-01T23:11:18+00:00
cortex__v2/06_embeddings/centroid_distances_UMAP3D_cell_class.csv,cortex__v2,06_embeddings,5,6,group|Glioblast|Neuroblast|Neuron|Neuronal IPC|Radial glia,,Euclidean distances between CellClass centroids in UMAP3D,2026-10-01T23:11:22+00:00
cortex__v2/06_embeddings/centroid_distances_UMAP3D_cyclephase.csv,cortex__v2,06_embeddings,5,6,group|G1|G2M|Non-cycling|PostM|S,,Euclidean distances between CellCyclePhase centroids in UMAP3D,2026-10-01T23:11:22+00:00
cortex__v2/06_embeddings/centroid_distances_UMAP3D_donor.csv,cortex__v2,06_embeddings,7,8,group|BRC2006|BRC2114|XDD:3766:313|XHU:0542:305|XHU:1405:297|XHU:1966:307|XHU:4901:292,,Euclidean distances between Donor centroids in UMAP3D,2026-10-01T23:11:22+00:00
cortex__v2/06_embeddings/centroid_distances_UMAP3D_region.csv,cortex__v2,06_embeddings,3,4,group|Cortex|Forebrain|Forebrain cortex,,Euclidean distances between Tissue centroids in UMAP3D,2026-10-01T23:11:22+00:00
cortex__v2/06_embeddings/centroid_distances_UMAP3D_subregion.csv,cortex__v2,06_embeddings,9,10,group|BRC2006_Cortex|BRC2114_Cortex|XDD:3766:313_Forebrain|XHU:0542:305_Forebrain|XHU:1405:297_Cortex|XHU:1405:297_Forebrain|XHU:1966:307_Cortex|XHU:1966:307_Forebrain|XHU:4901:292_Forebrain_cortex,,Euclidean distances between Shortname centroids in UMAP3D,2026-10-01T23:11:22+00:00
cortex__v2/06_embeddings/centroid_distances_UMAP_cell_class.csv,cortex__v2,06_embeddings,5,6,group|Glioblast|Neuroblast|Neuron|Neuronal IPC|Radial glia,,Euclidean distances between CellClass centroids in UMAP,2026-10-01T23:11:14+00:00
cortex__v2/06_embeddings/centroid_distances_UMAP_cyclephase.csv,cortex__v2,06_embeddings,5,6,group|G1|G2M|Non-cycling|PostM|S,,Euclidean distances between CellCyclePhase centroids in UMAP,2026-10-01T23:11:14+00:00
cortex__v2/06_embeddings/centroid_distances_UMAP_donor.csv,cortex__v2,06_embeddings,7,8,group|BRC2006|BRC2114|XDD:3766:313|XHU:0542:305|XHU:1405:297|XHU:1966:307|XHU:4901:292,,Euclidean distances between Donor centroids in UMAP,2026-10-01T23:11:14+00:00
cortex__v2/06_embeddings/centroid_distances_UMAP_region.csv,cortex__v2,06_embeddings,3,4,group|Cortex|Forebrain|Forebrain cortex,,Euclidean distances between Tissue centroids in UMAP,2026-10-01T23:11:14+00:00
cortex__v2/06_embeddings/centroid_distances_UMAP_subregion.csv,cortex__v2,06_embeddings,9,10,group|BRC2006_Cortex|BRC2114_Cortex|XDD:3766:313_Forebrain|XHU:0542:305_Forebrain|XHU:1405:297_Cortex|XHU:1405:297_Forebrain|XHU:1966:307_Cortex|XHU:1966:307_Forebrain|XHU:4901:292_Forebrain_cortex,,Euclidean distances between Shortname centroids in UMAP,2026-10-01T23:11:14+00:00
cortex__v2/06_embeddings/centroid_distances_X_scVI_cell_class.csv,cortex__v2,06_embeddings,5,6,group|Glioblast|Neuroblast|Neuron|Neuronal IPC|Radial glia,,Euclidean distances between CellClass centroids in X_scVI,2026-10-01T23:11:15+00:00
cortex__v2/06_embeddings/centroid_distances_X_scVI_cyclephase.csv,cortex__v2,06_embeddings,5,6,group|G1|G2M|Non-cycling|PostM|S,,Euclidean distances between CellCyclePhase centroids in X_scVI,2026-10-01T23:11:15+00:00
cortex__v2/06_embeddings/centroid_distances_X_scVI_donor.csv,cortex__v2,06_embeddings,7,8,group|BRC2006|BRC2114|XDD:3766:313|XHU:0542:305|XHU:1405:297|XHU:1966:307|XHU:4901:292,,Euclidean distances between Donor centroids in X_scVI,2026-10-01T23:11:15+00:00
cortex__v2/06_embeddings/centroid_distances_X_scVI_region.csv,cortex__v2,06_embeddings,3,4,group|Cortex|Forebrain|Forebrain cortex,,Euclidean distances between Tissue centroids in X_scVI,2026-10-01T23:11:15+00:00
cortex__v2/06_embeddings/centroid_distances_X_scVI_subregion.csv,cortex__v2,06_embeddings,9,10,group|BRC2006_Cortex|BRC2114_Cortex|XDD:3766:313_Forebrain|XHU:0542:305_Forebrain|XHU:1405:297_Cortex|XHU:1405:297_Forebrain|XHU:1966:307_Cortex|XHU:1966:307_Forebrain|XHU:4901:292_Forebrain_cortex,,Euclidean distances between Shortname centroids in X_scVI,2026-10-01T23:11:15+00:00
cortex__v2/06_embeddings/centroid_distances_X_umap_cell_class.csv,cortex__v2,06_embeddings,5,6,group|Glioblast|Neuroblast|Neuron|Neuronal IPC|Radial glia,,Euclidean distances between CellClass centroids in X_umap,2026-10-01T23:11:13+00:00
cortex__v2/06_embeddings/centroid_distances_X_umap_cyclephase.csv,cortex__v2,06_embeddings,5,6,group|G1|G2M|Non-cycling|PostM|S,,Euclidean distances between CellCyclePhase centroids in X_umap,2026-10-01T23:11:13+00:00
cortex__v2/06_embeddings/centroid_distances_X_umap_donor.csv,cortex__v2,06_embeddings,7,8,group|BRC2006|BRC2114|XDD:3766:313|XHU:0542:305|XHU:1405:297|XHU:1966:307|XHU:4901:292,,Euclidean distances between Donor centroids in X_umap,2026-10-01T23:11:13+00:00
cortex__v2/06_embeddings/centroid_distances_X_umap_region.csv,cortex__v2,06_embeddings,3,4,group|Cortex|Forebrain|Forebrain cortex,,Euclidean distances between Tissue centroids in X_umap,2026-10-01T23:11:13+00:00
cortex__v2/06_embeddings/centroid_distances_X_umap_subregion.csv,cortex__v2,06_embeddings,9,10,group|BRC2006_Cortex|BRC2114_Cortex|XDD:3766:313_Forebrain|XHU:0542:305_Forebrain|XHU:1405:297_Cortex|XHU:1405:297_Forebrain|XHU:1966:307_Cortex|XHU:1966:307_Forebrain|XHU:4901:292_Forebrain_cortex,,Euclidean distances between Shortname centroids in X_umap,2026-10-01T23:11:13+00:00
cortex__v2/06_embeddings/centroids_PCA_by_cell_class.csv,cortex__v2,06_embeddings,5,15,embedding|group|dim1|dim2|dim3|dim4|dim5|dim6|dim7|dim8|dim9|dim10|n_cells|dispersion_mean|dispersion_median,,Centroid and spread of each CellClass in obsm/PCA (first 10 dims),2026-10-01T23:11:20+00:00
cortex__v2/06_embeddings/centroids_PCA_by_chemistry.csv,cortex__v2,06_embeddings,1,15,embedding|group|dim1|dim2|dim3|dim4|dim5|dim6|dim7|dim8|dim9|dim10|n_cells|dispersion_mean|dispersion_median,,Centroid and spread of each Chemistry in obsm/PCA (first 10 dims),2026-10-01T23:11:20+00:00
cortex__v2/06_embeddings/centroids_PCA_by_cyclephase.csv,cortex__v2,06_embeddings,5,15,embedding|group|dim1|dim2|dim3|dim4|dim5|dim6|dim7|dim8|dim9|dim10|n_cells|dispersion_mean|dispersion_median,,Centroid and spread of each CellCyclePhase in obsm/PCA (first 10 dims),2026-10-01T23:11:20+00:00
cortex__v2/06_embeddings/centroids_PCA_by_donor.csv,cortex__v2,06_embeddings,7,15,embedding|group|dim1|dim2|dim3|dim4|dim5|dim6|dim7|dim8|dim9|dim10|n_cells|dispersion_mean|dispersion_median,,Centroid and spread of each Donor in obsm/PCA (first 10 dims),2026-10-01T23:11:20+00:00
cortex__v2/06_embeddings/centroids_PCA_by_region.csv,cortex__v2,06_embeddings,3,15,embedding|group|dim1|dim2|dim3|dim4|dim5|dim6|dim7|dim8|dim9|dim10|n_cells|dispersion_mean|dispersion_median,,Centroid and spread of each Tissue in obsm/PCA (first 10 dims),2026-10-01T23:11:20+00:00
cortex__v2/06_embeddings/centroids_PCA_by_subregion.csv,cortex__v2,06_embeddings,9,15,embedding|group|dim1|dim2|dim3|dim4|dim5|dim6|dim7|dim8|dim9|dim10|n_cells|dispersion_mean|dispersion_median,,Centroid and spread of each Shortname in obsm/PCA (first 10 dims),2026-10-01T23:11:20+00:00
cortex__v2/06_embeddings/centroids_TSNE_by_cell_class.csv,cortex__v2,06_embeddings,5,7,embedding|group|dim1|dim2|n_cells|dispersion_mean|dispersion_median,,Centroid and spread of each CellClass in obsm/TSNE (first 2 dims),2026-10-01T23:11:18+00:00
cortex__v2/06_embeddings/centroids_TSNE_by_chemistry.csv,cortex__v2,06_embeddings,1,7,embedding|group|dim1|dim2|n_cells|dispersion_mean|dispersion_median,,Centroid and spread of each Chemistry in obsm/TSNE (first 2 dims),2026-10-01T23:11:19+00:00
cortex__v2/06_embeddings/centroids_TSNE_by_cyclephase.csv,cortex__v2,06_embeddings,5,7,embedding|group|dim1|dim2|n_cells|dispersion_mean|dispersion_median,,Centroid and spread of each CellCyclePhase in obsm/TSNE (first 2 dims),2026-10-01T23:11:19+00:00
cortex__v2/06_embeddings/centroids_TSNE_by_donor.csv,cortex__v2,06_embeddings,7,7,embedding|group|dim1|dim2|n_cells|dispersion_mean|dispersion_median,,Centroid and spread of each Donor in obsm/TSNE (first 2 dims),2026-10-01T23:11:19+00:00
cortex__v2/06_embeddings/centroids_TSNE_by_region.csv,cortex__v2,06_embeddings,3,7,embedding|group|dim1|dim2|n_cells|dispersion_mean|dispersion_median,,Centroid and spread of each Tissue in obsm/TSNE (first 2 dims),2026-10-01T23:11:18+00:00
cortex__v2/06_embeddings/centroids_TSNE_by_subregion.csv,cortex__v2,06_embeddings,9,7,embedding|group|dim1|dim2|n_cells|dispersion_mean|dispersion_median,,Centroid and spread of each Shortname in obsm/TSNE (first 2 dims),2026-10-01T23:11:18+00:00
cortex__v2/06_embeddings/centroids_UMAP3D_by_cell_class.csv,cortex__v2,06_embeddings,5,8,embedding|group|dim1|dim2|dim3|n_cells|dispersion_mean|dispersion_median,,Centroid and spread of each CellClass in obsm/UMAP3D (first 3 dims),2026-10-01T23:11:22+00:00
cortex__v2/06_embeddings/centroids_UMAP3D_by_chemistry.csv,cortex__v2,06_embeddings,1,8,embedding|group|dim1|dim2|dim3|n_cells|dispersion_mean|dispersion_median,,Centroid and spread of each Chemistry in obsm/UMAP3D (first 3 dims),2026-10-01T23:11:22+00:00
cortex__v2/06_embeddings/centroids_UMAP3D_by_cyclephase.csv,cortex__v2,06_embeddings,5,8,embedding|group|dim1|dim2|dim3|n_cells|dispersion_mean|dispersion_median,,Centroid and spread of each CellCyclePhase in obsm/UMAP3D (first 3 dims),2026-10-01T23:11:22+00:00
cortex__v2/06_embeddings/centroids_UMAP3D_by_donor.csv,cortex__v2,06_embeddings,7,8,embedding|group|dim1|dim2|dim3|n_cells|dispersion_mean|dispersion_median,,Centroid and spread of each Donor in obsm/UMAP3D (first 3 dims),2026-10-01T23:11:22+00:00
cortex__v2/06_embeddings/centroids_UMAP3D_by_region.csv,cortex__v2,06_embeddings,3,8,embedding|group|dim1|dim2|dim3|n_cells|dispersion_mean|dispersion_median,,Centroid and spread of each Tissue in obsm/UMAP3D (first 3 dims),2026-10-01T23:11:22+00:00
cortex__v2/06_embeddings/centroids_UMAP3D_by_subregion.csv,cortex__v2,06_embeddings,9,8,embedding|group|dim1|dim2|dim3|n_cells|dispersion_mean|dispersion_median,,Centroid and spread of each Shortname in obsm/UMAP3D (first 3 dims),2026-10-01T23:11:22+00:00
cortex__v2/06_embeddings/centroids_UMAP_by_cell_class.csv,cortex__v2,06_embeddings,5,7,embedding|group|dim1|dim2|n_cells|dispersion_mean|dispersion_median,,Centroid and spread of each CellClass in obsm/UMAP (first 2 dims),2026-10-01T23:11:14+00:00
cortex__v2/06_embeddings/centroids_UMAP_by_chemistry.csv,cortex__v2,06_embeddings,1,7,embedding|group|dim1|dim2|n_cells|dispersion_mean|dispersion_median,,Centroid and spread of each Chemistry in obsm/UMAP (first 2 dims),2026-10-01T23:11:14+00:00
cortex__v2/06_embeddings/centroids_UMAP_by_cyclephase.csv,cortex__v2,06_embeddings,5,7,embedding|group|dim1|dim2|n_cells|dispersion_mean|dispersion_median,,Centroid and spread of each CellCyclePhase in obsm/UMAP (first 2 dims),2026-10-01T23:11:14+00:00
cortex__v2/06_embeddings/centroids_UMAP_by_donor.csv,cortex__v2,06_embeddings,7,7,embedding|group|dim1|dim2|n_cells|dispersion_mean|dispersion_median,,Centroid and spread of each Donor in obsm/UMAP (first 2 dims),2026-10-01T23:11:14+00:00
cortex__v2/06_embeddings/centroids_UMAP_by_region.csv,cortex__v2,06_embeddings,3,7,embedding|group|dim1|dim2|n_cells|dispersion_mean|dispersion_median,,Centroid and spread of each Tissue in obsm/UMAP (first 2 dims),2026-10-01T23:11:14+00:00
cortex__v2/06_embeddings/centroids_UMAP_by_subregion.csv,cortex__v2,06_embeddings,9,7,embedding|group|dim1|dim2|n_cells|dispersion_mean|dispersion_median,,Centroid and spread of each Shortname in obsm/UMAP (first 2 dims),2026-10-01T23:11:14+00:00
cortex__v2/06_embeddings/centroids_X_scVI_by_cell_class.csv,cortex__v2,06_embeddings,5,15,embedding|group|dim1|dim2|dim3|dim4|dim5|dim6|dim7|dim8|dim9|dim10|n_cells|dispersion_mean|dispersion_median,,Centroid and spread of each CellClass in obsm/X_scVI (first 10 dims),2026-10-01T23:11:15+00:00
cortex__v2/06_embeddings/centroids_X_scVI_by_chemistry.csv,cortex__v2,06_embeddings,1,15,embedding|group|dim1|dim2|dim3|dim4|dim5|dim6|dim7|dim8|dim9|dim10|n_cells|dispersion_mean|dispersion_median,,Centroid and spread of each Chemistry in obsm/X_scVI (first 10 dims),2026-10-01T23:11:15+00:00
cortex__v2/06_embeddings/centroids_X_scVI_by_cyclephase.csv,cortex__v2,06_embeddings,5,15,embedding|group|dim1|dim2|dim3|dim4|dim5|dim6|dim7|dim8|dim9|dim10|n_cells|dispersion_mean|dispersion_median,,Centroid and spread of each CellCyclePhase in obsm/X_scVI (first 10 dims),2026-10-01T23:11:15+00:00
cortex__v2/06_embeddings/centroids_X_scVI_by_donor.csv,cortex__v2,06_embeddings,7,15,embedding|group|dim1|dim2|dim3|dim4|dim5|dim6|dim7|dim8|dim9|dim10|n_cells|dispersion_mean|dispersion_median,,Centroid and spread of each Donor in obsm/X_scVI (first 10 dims),2026-10-01T23:11:15+00:00
cortex__v2/06_embeddings/centroids_X_scVI_by_region.csv,cortex__v2,06_embeddings,3,15,embedding|group|dim1|dim2|dim3|dim4|dim5|dim6|dim7|dim8|dim9|dim10|n_cells|dispersion_mean|dispersion_median,,Centroid and spread of each Tissue in obsm/X_scVI (first 10 dims),2026-10-01T23:11:15+00:00
cortex__v2/06_embeddings/centroids_X_scVI_by_subregion.csv,cortex__v2,06_embeddings,9,15,embedding|group|dim1|dim2|dim3|dim4|dim5|dim6|dim7|dim8|dim9|dim10|n_cells|dispersion_mean|dispersion_median,,Centroid and spread of each Shortname in obsm/X_scVI (first 10 dims),2026-10-01T23:11:15+00:00
cortex__v2/06_embeddings/centroids_X_umap_by_cell_class.csv,cortex__v2,06_embeddings,5,7,embedding|group|dim1|dim2|n_cells|dispersion_mean|dispersion_median,,Centroid and spread of each CellClass in obsm/X_umap (first 2 dims),2026-10-01T23:11:13+00:00
cortex__v2/06_embeddings/centroids_X_umap_by_chemistry.csv,cortex__v2,06_embeddings,1,7,embedding|group|dim1|dim2|n_cells|dispersion_mean|dispersion_median,,Centroid and spread of each Chemistry in obsm/X_umap (first 2 dims),2026-10-01T23:11:13+00:00
cortex__v2/06_embeddings/centroids_X_umap_by_cyclephase.csv,cortex__v2,06_embeddings,5,7,embedding|group|dim1|dim2|n_cells|dispersion_mean|dispersion_median,,Centroid and spread of each CellCyclePhase in obsm/X_umap (first 2 dims),2026-10-01T23:11:13+00:00
cortex__v2/06_embeddings/centroids_X_umap_by_donor.csv,cortex__v2,06_embeddings,7,7,embedding|group|dim1|dim2|n_cells|dispersion_mean|dispersion_median,,Centroid and spread of each Donor in obsm/X_umap (first 2 dims),2026-10-01T23:11:13+00:00
cortex__v2/06_embeddings/centroids_X_umap_by_region.csv,cortex__v2,06_embeddings,3,7,embedding|group|dim1|dim2|n_cells|dispersion_mean|dispersion_median,,Centroid and spread of each Tissue in obsm/X_umap (first 2 dims),2026-10-01T23:11:13+00:00
cortex__v2/06_embeddings/centroids_X_umap_by_subregion.csv,cortex__v2,06_embeddings,9,7,embedding|group|dim1|dim2|n_cells|dispersion_mean|dispersion_median,,Centroid and spread of each Shortname in obsm/X_umap (first 2 dims),2026-10-01T23:11:13+00:00
cortex__v2/06_embeddings/embedding_cells_PCA.csv,cortex__v2,06_embeddings,50000,11,cell_id|PCA_1|PCA_2|PCA_3|cell_class|region|subregion|cyclephase|donor|chemistry|age_pcw,,"Subsample of 50,000 cells with PCA coordinates and labels",2026-10-01T23:11:22+00:00
cortex__v2/06_embeddings/embedding_cells_TSNE.csv,cortex__v2,06_embeddings,50000,10,cell_id|TSNE_1|TSNE_2|cell_class|region|subregion|cyclephase|donor|chemistry|age_pcw,,"Subsample of 50,000 cells with TSNE coordinates and labels",2026-10-01T23:11:19+00:00
cortex__v2/06_embeddings/embedding_cells_UMAP.csv,cortex__v2,06_embeddings,50000,10,cell_id|UMAP_1|UMAP_2|cell_class|region|subregion|cyclephase|donor|chemistry|age_pcw,,"Subsample of 50,000 cells with UMAP coordinates and labels",2026-10-01T23:11:15+00:00
cortex__v2/06_embeddings/embedding_cells_UMAP3D.csv,cortex__v2,06_embeddings,50000,11,cell_id|UMAP3D_1|UMAP3D_2|UMAP3D_3|cell_class|region|subregion|cyclephase|donor|chemistry|age_pcw,,"Subsample of 50,000 cells with UMAP3D coordinates and labels",2026-10-01T23:11:23+00:00
cortex__v2/06_embeddings/embedding_cells_X_scVI.csv,cortex__v2,06_embeddings,50000,11,cell_id|X_scVI_1|X_scVI_2|X_scVI_3|cell_class|region|subregion|cyclephase|donor|chemistry|age_pcw,,"Subsample of 50,000 cells with X_scVI coordinates and labels",2026-10-01T23:11:18+00:00
cortex__v2/06_embeddings/embedding_cells_X_umap.csv,cortex__v2,06_embeddings,50000,10,cell_id|X_umap_1|X_umap_2|cell_class|region|subregion|cyclephase|donor|chemistry|age_pcw,,"Subsample of 50,000 cells with X_umap coordinates and labels",2026-10-01T23:11:14+00:00
cortex__v2/06_embeddings/embedding_overview.csv,cortex__v2,06_embeddings,6,9,embedding|n_cells|n_dims|var_dim1|var_dim2|total_variance|var_dim3|var_dim4|var_dim5,,Dimensionality and per-axis variance of each stored embedding,2026-10-01T23:11:24+00:00
cortex__v2/08_factor_activity/factor_activity_PCA_by_age.csv,cortex__v2,08_factor_activity,14,53,statistic|group_level|n_cells|PCA_1|PCA_2|PCA_3|PCA_4|PCA_5|PCA_6|PCA_7|PCA_8|PCA_9|PCA_10|PCA_11|PCA_12|PCA_13|PCA_14|PCA_15|PCA_16|PCA_17|PCA_18|PCA_19|PCA_20|PCA_21|PCA_22|PCA_23|PCA_24|PCA_25|PCA_26|PCA_27|PCA_28|PCA_29|PCA_30|PCA_31|PCA_32|PCA_33|PCA_34|PCA_35|PCA_36|PCA_37,,Mean and median PCA activity per age_pcw,2026-10-01T23:12:01+00:00
cortex__v2/08_factor_activity/factor_activity_PCA_by_cell_class.csv,cortex__v2,08_factor_activity,10,53,statistic|group_level|n_cells|PCA_1|PCA_2|PCA_3|PCA_4|PCA_5|PCA_6|PCA_7|PCA_8|PCA_9|PCA_10|PCA_11|PCA_12|PCA_13|PCA_14|PCA_15|PCA_16|PCA_17|PCA_18|PCA_19|PCA_20|PCA_21|PCA_22|PCA_23|PCA_24|PCA_25|PCA_26|PCA_27|PCA_28|PCA_29|PCA_30|PCA_31|PCA_32|PCA_33|PCA_34|PCA_35|PCA_36|PCA_37,,Mean and median PCA activity per CellClass,2026-10-01T23:11:59+00:00
cortex__v2/08_factor_activity/factor_activity_PCA_by_chemistry.csv,cortex__v2,08_factor_activity,2,53,statistic|group_level|n_cells|PCA_1|PCA_2|PCA_3|PCA_4|PCA_5|PCA_6|PCA_7|PCA_8|PCA_9|PCA_10|PCA_11|PCA_12|PCA_13|PCA_14|PCA_15|PCA_16|PCA_17|PCA_18|PCA_19|PCA_20|PCA_21|PCA_22|PCA_23|PCA_24|PCA_25|PCA_26|PCA_27|PCA_28|PCA_29|PCA_30|PCA_31|PCA_32|PCA_33|PCA_34|PCA_35|PCA_36|PCA_37,,Mean and median PCA activity per Chemistry,2026-10-01T23:12:00+00:00
cortex__v2/08_factor_activity/factor_activity_PCA_by_cluster_Clusters.csv,cortex__v2,08_factor_activity,110,53,statistic|group_level|n_cells|PCA_1|PCA_2|PCA_3|PCA_4|PCA_5|PCA_6|PCA_7|PCA_8|PCA_9|PCA_10|PCA_11|PCA_12|PCA_13|PCA_14|PCA_15|PCA_16|PCA_17|PCA_18|PCA_19|PCA_20|PCA_21|PCA_22|PCA_23|PCA_24|PCA_25|PCA_26|PCA_27|PCA_28|PCA_29|PCA_30|PCA_31|PCA_32|PCA_33|PCA_34|PCA_35|PCA_36|PCA_37,,Mean and median PCA activity per Clusters,2026-10-01T23:12:01+00:00
cortex__v2/08_factor_activity/factor_activity_PCA_by_cluster_ClustersModularity.csv,cortex__v2,08_factor_activity,110,53,statistic|group_level|n_cells|PCA_1|PCA_2|PCA_3|PCA_4|PCA_5|PCA_6|PCA_7|PCA_8|PCA_9|PCA_10|PCA_11|PCA_12|PCA_13|PCA_14|PCA_15|PCA_16|PCA_17|PCA_18|PCA_19|PCA_20|PCA_21|PCA_22|PCA_23|PCA_24|PCA_25|PCA_26|PCA_27|PCA_28|PCA_29|PCA_30|PCA_31|PCA_32|PCA_33|PCA_34|PCA_35|PCA_36|PCA_37,,Mean and median PCA activity per ClustersModularity,2026-10-01T23:12:01+00:00
cortex__v2/08_factor_activity/factor_activity_PCA_by_cluster_ClustersSurprise.csv,cortex__v2,08_factor_activity,1900,53,statistic|group_level|n_cells|PCA_1|PCA_2|PCA_3|PCA_4|PCA_5|PCA_6|PCA_7|PCA_8|PCA_9|PCA_10|PCA_11|PCA_12|PCA_13|PCA_14|PCA_15|PCA_16|PCA_17|PCA_18|PCA_19|PCA_20|PCA_21|PCA_22|PCA_23|PCA_24|PCA_25|PCA_26|PCA_27|PCA_28|PCA_29|PCA_30|PCA_31|PCA_32|PCA_33|PCA_34|PCA_35|PCA_36|PCA_37,,Mean and median PCA activity per ClustersSurprise,2026-10-01T23:12:01+00:00
cortex__v2/08_factor_activity/factor_activity_PCA_by_cluster_leiden_scVI.csv,cortex__v2,08_factor_activity,26,53,statistic|group_level|n_cells|PCA_1|PCA_2|PCA_3|PCA_4|PCA_5|PCA_6|PCA_7|PCA_8|PCA_9|PCA_10|PCA_11|PCA_12|PCA_13|PCA_14|PCA_15|PCA_16|PCA_17|PCA_18|PCA_19|PCA_20|PCA_21|PCA_22|PCA_23|PCA_24|PCA_25|PCA_26|PCA_27|PCA_28|PCA_29|PCA_30|PCA_31|PCA_32|PCA_33|PCA_34|PCA_35|PCA_36|PCA_37,,Mean and median PCA activity per leiden_scVI,2026-10-01T23:12:01+00:00
cortex__v2/08_factor_activity/factor_activity_PCA_by_cluster_louvain.csv,cortex__v2,08_factor_activity,14,53,statistic|group_level|n_cells|PCA_1|PCA_2|PCA_3|PCA_4|PCA_5|PCA_6|PCA_7|PCA_8|PCA_9|PCA_10|PCA_11|PCA_12|PCA_13|PCA_14|PCA_15|PCA_16|PCA_17|PCA_18|PCA_19|PCA_20|PCA_21|PCA_22|PCA_23|PCA_24|PCA_25|PCA_26|PCA_27|PCA_28|PCA_29|PCA_30|PCA_31|PCA_32|PCA_33|PCA_34|PCA_35|PCA_36|PCA_37,,Mean and median PCA activity per louvain,2026-10-01T23:12:02+00:00
cortex__v2/08_factor_activity/factor_activity_PCA_by_cyclephase.csv,cortex__v2,08_factor_activity,10,53,statistic|group_level|n_cells|PCA_1|PCA_2|PCA_3|PCA_4|PCA_5|PCA_6|PCA_7|PCA_8|PCA_9|PCA_10|PCA_11|PCA_12|PCA_13|PCA_14|PCA_15|PCA_16|PCA_17|PCA_18|PCA_19|PCA_20|PCA_21|PCA_22|PCA_23|PCA_24|PCA_25|PCA_26|PCA_27|PCA_28|PCA_29|PCA_30|PCA_31|PCA_32|PCA_33|PCA_34|PCA_35|PCA_36|PCA_37,,Mean and median PCA activity per cyclephase_h,2026-10-01T23:12:00+00:00
cortex__v2/08_factor_activity/factor_activity_PCA_by_donor.csv,cortex__v2,08_factor_activity,14,53,statistic|group_level|n_cells|PCA_1|PCA_2|PCA_3|PCA_4|PCA_5|PCA_6|PCA_7|PCA_8|PCA_9|PCA_10|PCA_11|PCA_12|PCA_13|PCA_14|PCA_15|PCA_16|PCA_17|PCA_18|PCA_19|PCA_20|PCA_21|PCA_22|PCA_23|PCA_24|PCA_25|PCA_26|PCA_27|PCA_28|PCA_29|PCA_30|PCA_31|PCA_32|PCA_33|PCA_34|PCA_35|PCA_36|PCA_37,,Mean and median PCA activity per Donor,2026-10-01T23:12:00+00:00
cortex__v2/08_factor_activity/factor_activity_PCA_by_region.csv,cortex__v2,08_factor_activity,6,53,statistic|group_level|n_cells|PCA_1|PCA_2|PCA_3|PCA_4|PCA_5|PCA_6|PCA_7|PCA_8|PCA_9|PCA_10|PCA_11|PCA_12|PCA_13|PCA_14|PCA_15|PCA_16|PCA_17|PCA_18|PCA_19|PCA_20|PCA_21|PCA_22|PCA_23|PCA_24|PCA_25|PCA_26|PCA_27|PCA_28|PCA_29|PCA_30|PCA_31|PCA_32|PCA_33|PCA_34|PCA_35|PCA_36|PCA_37,,Mean and median PCA activity per Tissue,2026-10-01T23:11:59+00:00
cortex__v2/08_factor_activity/factor_activity_PCA_by_sample.csv,cortex__v2,08_factor_activity,86,53,statistic|group_level|n_cells|PCA_1|PCA_2|PCA_3|PCA_4|PCA_5|PCA_6|PCA_7|PCA_8|PCA_9|PCA_10|PCA_11|PCA_12|PCA_13|PCA_14|PCA_15|PCA_16|PCA_17|PCA_18|PCA_19|PCA_20|PCA_21|PCA_22|PCA_23|PCA_24|PCA_25|PCA_26|PCA_27|PCA_28|PCA_29|PCA_30|PCA_31|PCA_32|PCA_33|PCA_34|PCA_35|PCA_36|PCA_37,,Mean and median PCA activity per SampleID,2026-10-01T23:12:00+00:00
cortex__v2/08_factor_activity/factor_activity_PCA_by_subregion.csv,cortex__v2,08_factor_activity,18,53,statistic|group_level|n_cells|PCA_1|PCA_2|PCA_3|PCA_4|PCA_5|PCA_6|PCA_7|PCA_8|PCA_9|PCA_10|PCA_11|PCA_12|PCA_13|PCA_14|PCA_15|PCA_16|PCA_17|PCA_18|PCA_19|PCA_20|PCA_21|PCA_22|PCA_23|PCA_24|PCA_25|PCA_26|PCA_27|PCA_28|PCA_29|PCA_30|PCA_31|PCA_32|PCA_33|PCA_34|PCA_35|PCA_36|PCA_37,,Mean and median PCA activity per Shortname,2026-10-01T23:12:00+00:00
cortex__v2/08_factor_activity/factor_activity_TSNE_by_age.csv,cortex__v2,08_factor_activity,14,5,statistic|group_level|n_cells|TSNE_1|TSNE_2,,Mean and median TSNE activity per age_pcw,2026-10-01T23:12:04+00:00
cortex__v2/08_factor_activity/factor_activity_TSNE_by_cell_class.csv,cortex__v2,08_factor_activity,10,5,statistic|group_level|n_cells|TSNE_1|TSNE_2,,Mean and median TSNE activity per CellClass,2026-10-01T23:12:04+00:00
cortex__v2/08_factor_activity/factor_activity_TSNE_by_chemistry.csv,cortex__v2,08_factor_activity,2,5,statistic|group_level|n_cells|TSNE_1|TSNE_2,,Mean and median TSNE activity per Chemistry,2026-10-01T23:12:04+00:00
cortex__v2/08_factor_activity/factor_activity_TSNE_by_cluster_Clusters.csv,cortex__v2,08_factor_activity,110,5,statistic|group_level|n_cells|TSNE_1|TSNE_2,,Mean and median TSNE activity per Clusters,2026-10-01T23:12:04+00:00
cortex__v2/08_factor_activity/factor_activity_TSNE_by_cluster_ClustersModularity.csv,cortex__v2,08_factor_activity,110,5,statistic|group_level|n_cells|TSNE_1|TSNE_2,,Mean and median TSNE activity per ClustersModularity,2026-10-01T23:12:04+00:00
cortex__v2/08_factor_activity/factor_activity_TSNE_by_cluster_ClustersSurprise.csv,cortex__v2,08_factor_activity,1900,5,statistic|group_level|n_cells|TSNE_1|TSNE_2,,Mean and median TSNE activity per ClustersSurprise,2026-10-01T23:12:04+00:00
cortex__v2/08_factor_activity/factor_activity_TSNE_by_cluster_leiden_scVI.csv,cortex__v2,08_factor_activity,26,5,statistic|group_level|n_cells|TSNE_1|TSNE_2,,Mean and median TSNE activity per leiden_scVI,2026-10-01T23:12:04+00:00
cortex__v2/08_factor_activity/factor_activity_TSNE_by_cluster_louvain.csv,cortex__v2,08_factor_activity,14,5,statistic|group_level|n_cells|TSNE_1|TSNE_2,,Mean and median TSNE activity per louvain,2026-10-01T23:12:04+00:00
cortex__v2/08_factor_activity/factor_activity_TSNE_by_cyclephase.csv,cortex__v2,08_factor_activity,10,5,statistic|group_level|n_cells|TSNE_1|TSNE_2,,Mean and median TSNE activity per cyclephase_h,2026-10-01T23:12:04+00:00
cortex__v2/08_factor_activity/factor_activity_TSNE_by_donor.csv,cortex__v2,08_factor_activity,14,5,statistic|group_level|n_cells|TSNE_1|TSNE_2,,Mean and median TSNE activity per Donor,2026-10-01T23:12:04+00:00
cortex__v2/08_factor_activity/factor_activity_TSNE_by_region.csv,cortex__v2,08_factor_activity,6,5,statistic|group_level|n_cells|TSNE_1|TSNE_2,,Mean and median TSNE activity per Tissue,2026-10-01T23:12:04+00:00
cortex__v2/08_factor_activity/factor_activity_TSNE_by_sample.csv,cortex__v2,08_factor_activity,86,5,statistic|group_level|n_cells|TSNE_1|TSNE_2,,Mean and median TSNE activity per SampleID,2026-10-01T23:12:04+00:00
cortex__v2/08_factor_activity/factor_activity_TSNE_by_subregion.csv,cortex__v2,08_factor_activity,18,5,statistic|group_level|n_cells|TSNE_1|TSNE_2,,Mean and median TSNE activity per Shortname,2026-10-01T23:12:04+00:00
cortex__v2/08_factor_activity/factor_activity_UMAP3D_by_age.csv,cortex__v2,08_factor_activity,14,6,statistic|group_level|n_cells|UMAP3D_1|UMAP3D_2|UMAP3D_3,,Mean and median UMAP3D activity per age_pcw,2026-10-01T23:12:05+00:00
cortex__v2/08_factor_activity/factor_activity_UMAP3D_by_cell_class.csv,cortex__v2,08_factor_activity,10,6,statistic|group_level|n_cells|UMAP3D_1|UMAP3D_2|UMAP3D_3,,Mean and median UMAP3D activity per CellClass,2026-10-01T23:12:05+00:00
cortex__v2/08_factor_activity/factor_activity_UMAP3D_by_chemistry.csv,cortex__v2,08_factor_activity,2,6,statistic|group_level|n_cells|UMAP3D_1|UMAP3D_2|UMAP3D_3,,Mean and median UMAP3D activity per Chemistry,2026-10-01T23:12:05+00:00
cortex__v2/08_factor_activity/factor_activity_UMAP3D_by_cluster_Clusters.csv,cortex__v2,08_factor_activity,110,6,statistic|group_level|n_cells|UMAP3D_1|UMAP3D_2|UMAP3D_3,,Mean and median UMAP3D activity per Clusters,2026-10-01T23:12:05+00:00
cortex__v2/08_factor_activity/factor_activity_UMAP3D_by_cluster_ClustersModularity.csv,cortex__v2,08_factor_activity,110,6,statistic|group_level|n_cells|UMAP3D_1|UMAP3D_2|UMAP3D_3,,Mean and median UMAP3D activity per ClustersModularity,2026-10-01T23:12:05+00:00
cortex__v2/08_factor_activity/factor_activity_UMAP3D_by_cluster_ClustersSurprise.csv,cortex__v2,08_factor_activity,1900,6,statistic|group_level|n_cells|UMAP3D_1|UMAP3D_2|UMAP3D_3,,Mean and median UMAP3D activity per ClustersSurprise,2026-10-01T23:12:05+00:00
cortex__v2/08_factor_activity/factor_activity_UMAP3D_by_cluster_leiden_scVI.csv,cortex__v2,08_factor_activity,26,6,statistic|group_level|n_cells|UMAP3D_1|UMAP3D_2|UMAP3D_3,,Mean and median UMAP3D activity per leiden_scVI,2026-10-01T23:12:05+00:00
cortex__v2/08_factor_activity/factor_activity_UMAP3D_by_cluster_louvain.csv,cortex__v2,08_factor_activity,14,6,statistic|group_level|n_cells|UMAP3D_1|UMAP3D_2|UMAP3D_3,,Mean and median UMAP3D activity per louvain,2026-10-01T23:12:05+00:00
cortex__v2/08_factor_activity/factor_activity_UMAP3D_by_cyclephase.csv,cortex__v2,08_factor_activity,10,6,statistic|group_level|n_cells|UMAP3D_1|UMAP3D_2|UMAP3D_3,,Mean and median UMAP3D activity per cyclephase_h,2026-10-01T23:12:05+00:00
cortex__v2/08_factor_activity/factor_activity_UMAP3D_by_donor.csv,cortex__v2,08_factor_activity,14,6,statistic|group_level|n_cells|UMAP3D_1|UMAP3D_2|UMAP3D_3,,Mean and median UMAP3D activity per Donor,2026-10-01T23:12:05+00:00
cortex__v2/08_factor_activity/factor_activity_UMAP3D_by_region.csv,cortex__v2,08_factor_activity,6,6,statistic|group_level|n_cells|UMAP3D_1|UMAP3D_2|UMAP3D_3,,Mean and median UMAP3D activity per Tissue,2026-10-01T23:12:05+00:00
cortex__v2/08_factor_activity/factor_activity_UMAP3D_by_sample.csv,cortex__v2,08_factor_activity,86,6,statistic|group_level|n_cells|UMAP3D_1|UMAP3D_2|UMAP3D_3,,Mean and median UMAP3D activity per SampleID,2026-10-01T23:12:05+00:00
cortex__v2/08_factor_activity/factor_activity_UMAP3D_by_subregion.csv,cortex__v2,08_factor_activity,18,6,statistic|group_level|n_cells|UMAP3D_1|UMAP3D_2|UMAP3D_3,,Mean and median UMAP3D activity per Shortname,2026-10-01T23:12:05+00:00
cortex__v2/08_factor_activity/factor_activity_UMAP_by_age.csv,cortex__v2,08_factor_activity,14,5,statistic|group_level|n_cells|UMAP_1|UMAP_2,,Mean and median UMAP activity per age_pcw,2026-10-01T23:12:05+00:00
cortex__v2/08_factor_activity/factor_activity_UMAP_by_cell_class.csv,cortex__v2,08_factor_activity,10,5,statistic|group_level|n_cells|UMAP_1|UMAP_2,,Mean and median UMAP activity per CellClass,2026-10-01T23:12:04+00:00
cortex__v2/08_factor_activity/factor_activity_UMAP_by_chemistry.csv,cortex__v2,08_factor_activity,2,5,statistic|group_level|n_cells|UMAP_1|UMAP_2,,Mean and median UMAP activity per Chemistry,2026-10-01T23:12:05+00:00
cortex__v2/08_factor_activity/factor_activity_UMAP_by_cluster_Clusters.csv,cortex__v2,08_factor_activity,110,5,statistic|group_level|n_cells|UMAP_1|UMAP_2,,Mean and median UMAP activity per Clusters,2026-10-01T23:12:05+00:00
cortex__v2/08_factor_activity/factor_activity_UMAP_by_cluster_ClustersModularity.csv,cortex__v2,08_factor_activity,110,5,statistic|group_level|n_cells|UMAP_1|UMAP_2,,Mean and median UMAP activity per ClustersModularity,2026-10-01T23:12:05+00:00
cortex__v2/08_factor_activity/factor_activity_UMAP_by_cluster_ClustersSurprise.csv,cortex__v2,08_factor_activity,1900,5,statistic|group_level|n_cells|UMAP_1|UMAP_2,,Mean and median UMAP activity per ClustersSurprise,2026-10-01T23:12:05+00:00
cortex__v2/08_factor_activity/factor_activity_UMAP_by_cluster_leiden_scVI.csv,cortex__v2,08_factor_activity,26,5,statistic|group_level|n_cells|UMAP_1|UMAP_2,,Mean and median UMAP activity per leiden_scVI,2026-10-01T23:12:05+00:00
cortex__v2/08_factor_activity/factor_activity_UMAP_by_cluster_louvain.csv,cortex__v2,08_factor_activity,14,5,statistic|group_level|n_cells|UMAP_1|UMAP_2,,Mean and median UMAP activity per louvain,2026-10-01T23:12:05+00:00
cortex__v2/08_factor_activity/factor_activity_UMAP_by_cyclephase.csv,cortex__v2,08_factor_activity,10,5,statistic|group_level|n_cells|UMAP_1|UMAP_2,,Mean and median UMAP activity per cyclephase_h,2026-10-01T23:12:05+00:00
cortex__v2/08_factor_activity/factor_activity_UMAP_by_donor.csv,cortex__v2,08_factor_activity,14,5,statistic|group_level|n_cells|UMAP_1|UMAP_2,,Mean and median UMAP activity per Donor,2026-10-01T23:12:05+00:00
cortex__v2/08_factor_activity/factor_activity_UMAP_by_region.csv,cortex__v2,08_factor_activity,6,5,statistic|group_level|n_cells|UMAP_1|UMAP_2,,Mean and median UMAP activity per Tissue,2026-10-01T23:12:04+00:00
cortex__v2/08_factor_activity/factor_activity_UMAP_by_sample.csv,cortex__v2,08_factor_activity,86,5,statistic|group_level|n_cells|UMAP_1|UMAP_2,,Mean and median UMAP activity per SampleID,2026-10-01T23:12:05+00:00
cortex__v2/08_factor_activity/factor_activity_UMAP_by_subregion.csv,cortex__v2,08_factor_activity,18,5,statistic|group_level|n_cells|UMAP_1|UMAP_2,,Mean and median UMAP activity per Shortname,2026-10-01T23:12:04+00:00
cortex__v2/08_factor_activity/factor_activity_X_scVI_by_age.csv,cortex__v2,08_factor_activity,14,13,statistic|group_level|n_cells|X_scVI_1|X_scVI_2|X_scVI_3|X_scVI_4|X_scVI_5|X_scVI_6|X_scVI_7|X_scVI_8|X_scVI_9|X_scVI_10,,Mean and median X_scVI activity per age_pcw,2026-10-01T23:12:06+00:00
cortex__v2/08_factor_activity/factor_activity_X_scVI_by_cell_class.csv,cortex__v2,08_factor_activity,10,13,statistic|group_level|n_cells|X_scVI_1|X_scVI_2|X_scVI_3|X_scVI_4|X_scVI_5|X_scVI_6|X_scVI_7|X_scVI_8|X_scVI_9|X_scVI_10,,Mean and median X_scVI activity per CellClass,2026-10-01T23:12:05+00:00
cortex__v2/08_factor_activity/factor_activity_X_scVI_by_chemistry.csv,cortex__v2,08_factor_activity,2,13,statistic|group_level|n_cells|X_scVI_1|X_scVI_2|X_scVI_3|X_scVI_4|X_scVI_5|X_scVI_6|X_scVI_7|X_scVI_8|X_scVI_9|X_scVI_10,,Mean and median X_scVI activity per Chemistry,2026-10-01T23:12:05+00:00
cortex__v2/08_factor_activity/factor_activity_X_scVI_by_cluster_Clusters.csv,cortex__v2,08_factor_activity,110,13,statistic|group_level|n_cells|X_scVI_1|X_scVI_2|X_scVI_3|X_scVI_4|X_scVI_5|X_scVI_6|X_scVI_7|X_scVI_8|X_scVI_9|X_scVI_10,,Mean and median X_scVI activity per Clusters,2026-10-01T23:12:06+00:00
cortex__v2/08_factor_activity/factor_activity_X_scVI_by_cluster_ClustersModularity.csv,cortex__v2,08_factor_activity,110,13,statistic|group_level|n_cells|X_scVI_1|X_scVI_2|X_scVI_3|X_scVI_4|X_scVI_5|X_scVI_6|X_scVI_7|X_scVI_8|X_scVI_9|X_scVI_10,,Mean and median X_scVI activity per ClustersModularity,2026-10-01T23:12:06+00:00
cortex__v2/08_factor_activity/factor_activity_X_scVI_by_cluster_ClustersSurprise.csv,cortex__v2,08_factor_activity,1900,13,statistic|group_level|n_cells|X_scVI_1|X_scVI_2|X_scVI_3|X_scVI_4|X_scVI_5|X_scVI_6|X_scVI_7|X_scVI_8|X_scVI_9|X_scVI_10,,Mean and median X_scVI activity per ClustersSurprise,2026-10-01T23:12:06+00:00
cortex__v2/08_factor_activity/factor_activity_X_scVI_by_cluster_leiden_scVI.csv,cortex__v2,08_factor_activity,26,13,statistic|group_level|n_cells|X_scVI_1|X_scVI_2|X_scVI_3|X_scVI_4|X_scVI_5|X_scVI_6|X_scVI_7|X_scVI_8|X_scVI_9|X_scVI_10,,Mean and median X_scVI activity per leiden_scVI,2026-10-01T23:12:06+00:00
cortex__v2/08_factor_activity/factor_activity_X_scVI_by_cluster_louvain.csv,cortex__v2,08_factor_activity,14,13,statistic|group_level|n_cells|X_scVI_1|X_scVI_2|X_scVI_3|X_scVI_4|X_scVI_5|X_scVI_6|X_scVI_7|X_scVI_8|X_scVI_9|X_scVI_10,,Mean and median X_scVI activity per louvain,2026-10-01T23:12:06+00:00
cortex__v2/08_factor_activity/factor_activity_X_scVI_by_cyclephase.csv,cortex__v2,08_factor_activity,10,13,statistic|group_level|n_cells|X_scVI_1|X_scVI_2|X_scVI_3|X_scVI_4|X_scVI_5|X_scVI_6|X_scVI_7|X_scVI_8|X_scVI_9|X_scVI_10,,Mean and median X_scVI activity per cyclephase_h,2026-10-01T23:12:06+00:00
cortex__v2/08_factor_activity/factor_activity_X_scVI_by_donor.csv,cortex__v2,08_factor_activity,14,13,statistic|group_level|n_cells|X_scVI_1|X_scVI_2|X_scVI_3|X_scVI_4|X_scVI_5|X_scVI_6|X_scVI_7|X_scVI_8|X_scVI_9|X_scVI_10,,Mean and median X_scVI activity per Donor,2026-10-01T23:12:05+00:00
cortex__v2/08_factor_activity/factor_activity_X_scVI_by_region.csv,cortex__v2,08_factor_activity,6,13,statistic|group_level|n_cells|X_scVI_1|X_scVI_2|X_scVI_3|X_scVI_4|X_scVI_5|X_scVI_6|X_scVI_7|X_scVI_8|X_scVI_9|X_scVI_10,,Mean and median X_scVI activity per Tissue,2026-10-01T23:12:05+00:00
cortex__v2/08_factor_activity/factor_activity_X_scVI_by_sample.csv,cortex__v2,08_factor_activity,86,13,statistic|group_level|n_cells|X_scVI_1|X_scVI_2|X_scVI_3|X_scVI_4|X_scVI_5|X_scVI_6|X_scVI_7|X_scVI_8|X_scVI_9|X_scVI_10,,Mean and median X_scVI activity per SampleID,2026-10-01T23:12:05+00:00
cortex__v2/08_factor_activity/factor_activity_X_scVI_by_subregion.csv,cortex__v2,08_factor_activity,18,13,statistic|group_level|n_cells|X_scVI_1|X_scVI_2|X_scVI_3|X_scVI_4|X_scVI_5|X_scVI_6|X_scVI_7|X_scVI_8|X_scVI_9|X_scVI_10,,Mean and median X_scVI activity per Shortname,2026-10-01T23:12:05+00:00
cortex__v2/08_factor_activity/factor_activity_X_umap_by_age.csv,cortex__v2,08_factor_activity,14,5,statistic|group_level|n_cells|X_umap_1|X_umap_2,,Mean and median X_umap activity per age_pcw,2026-10-01T23:12:06+00:00
cortex__v2/08_factor_activity/factor_activity_X_umap_by_cell_class.csv,cortex__v2,08_factor_activity,10,5,statistic|group_level|n_cells|X_umap_1|X_umap_2,,Mean and median X_umap activity per CellClass,2026-10-01T23:12:06+00:00
cortex__v2/08_factor_activity/factor_activity_X_umap_by_chemistry.csv,cortex__v2,08_factor_activity,2,5,statistic|group_level|n_cells|X_umap_1|X_umap_2,,Mean and median X_umap activity per Chemistry,2026-10-01T23:12:06+00:00
cortex__v2/08_factor_activity/factor_activity_X_umap_by_cluster_Clusters.csv,cortex__v2,08_factor_activity,110,5,statistic|group_level|n_cells|X_umap_1|X_umap_2,,Mean and median X_umap activity per Clusters,2026-10-01T23:12:06+00:00
cortex__v2/08_factor_activity/factor_activity_X_umap_by_cluster_ClustersModularity.csv,cortex__v2,08_factor_activity,110,5,statistic|group_level|n_cells|X_umap_1|X_umap_2,,Mean and median X_umap activity per ClustersModularity,2026-10-01T23:12:06+00:00
cortex__v2/08_factor_activity/factor_activity_X_umap_by_cluster_ClustersSurprise.csv,cortex__v2,08_factor_activity,1900,5,statistic|group_level|n_cells|X_umap_1|X_umap_2,,Mean and median X_umap activity per ClustersSurprise,2026-10-01T23:12:06+00:00
cortex__v2/08_factor_activity/factor_activity_X_umap_by_cluster_leiden_scVI.csv,cortex__v2,08_factor_activity,26,5,statistic|group_level|n_cells|X_umap_1|X_umap_2,,Mean and median X_umap activity per leiden_scVI,2026-10-01T23:12:06+00:00
cortex__v2/08_factor_activity/factor_activity_X_umap_by_cluster_louvain.csv,cortex__v2,08_factor_activity,14,5,statistic|group_level|n_cells|X_umap_1|X_umap_2,,Mean and median X_umap activity per louvain,2026-10-01T23:12:06+00:00
cortex__v2/08_factor_activity/factor_activity_X_umap_by_cyclephase.csv,cortex__v2,08_factor_activity,10,5,statistic|group_level|n_cells|X_umap_1|X_umap_2,,Mean and median X_umap activity per cyclephase_h,2026-10-01T23:12:06+00:00
cortex__v2/08_factor_activity/factor_activity_X_umap_by_donor.csv,cortex__v2,08_factor_activity,14,5,statistic|group_level|n_cells|X_umap_1|X_umap_2,,Mean and median X_umap activity per Donor,2026-10-01T23:12:06+00:00
cortex__v2/08_factor_activity/factor_activity_X_umap_by_region.csv,cortex__v2,08_factor_activity,6,5,statistic|group_level|n_cells|X_umap_1|X_umap_2,,Mean and median X_umap activity per Tissue,2026-10-01T23:12:06+00:00
cortex__v2/08_factor_activity/factor_activity_X_umap_by_sample.csv,cortex__v2,08_factor_activity,86,5,statistic|group_level|n_cells|X_umap_1|X_umap_2,,Mean and median X_umap activity per SampleID,2026-10-01T23:12:06+00:00
cortex__v2/08_factor_activity/factor_activity_X_umap_by_subregion.csv,cortex__v2,08_factor_activity,18,5,statistic|group_level|n_cells|X_umap_1|X_umap_2,,Mean and median X_umap activity per Shortname,2026-10-01T23:12:06+00:00
cortex__v2/08_factor_activity/factor_correlation_PCA.csv,cortex__v2,08_factor_activity,50,51,factor|PCA_1|PCA_2|PCA_3|PCA_4|PCA_5|PCA_6|PCA_7|PCA_8|PCA_9|PCA_10|PCA_11|PCA_12|PCA_13|PCA_14|PCA_15|PCA_16|PCA_17|PCA_18|PCA_19|PCA_20|PCA_21|PCA_22|PCA_23|PCA_24|PCA_25|PCA_26|PCA_27|PCA_28|PCA_29|PCA_30|PCA_31|PCA_32|PCA_33|PCA_34|PCA_35|PCA_36|PCA_37|PCA_38|PCA_39,,"Pearson correlation between PCA dimensions across cells (n=180,171)",2026-10-01T23:12:03+00:00
cortex__v2/08_factor_activity/factor_correlation_TSNE.csv,cortex__v2,08_factor_activity,2,3,factor|TSNE_1|TSNE_2,,"Pearson correlation between TSNE dimensions across cells (n=180,171)",2026-10-01T23:12:04+00:00
cortex__v2/08_factor_activity/factor_correlation_UMAP.csv,cortex__v2,08_factor_activity,2,3,factor|UMAP_1|UMAP_2,,"Pearson correlation between UMAP dimensions across cells (n=180,171)",2026-10-01T23:12:05+00:00
cortex__v2/08_factor_activity/factor_correlation_UMAP3D.csv,cortex__v2,08_factor_activity,3,4,factor|UMAP3D_1|UMAP3D_2|UMAP3D_3,,"Pearson correlation between UMAP3D dimensions across cells (n=180,171)",2026-10-01T23:12:05+00:00
cortex__v2/08_factor_activity/factor_correlation_X_scVI.csv,cortex__v2,08_factor_activity,10,11,factor|X_scVI_1|X_scVI_2|X_scVI_3|X_scVI_4|X_scVI_5|X_scVI_6|X_scVI_7|X_scVI_8|X_scVI_9|X_scVI_10,,"Pearson correlation between X_scVI dimensions across cells (n=180,171)",2026-10-01T23:12:06+00:00
cortex__v2/08_factor_activity/factor_correlation_X_umap.csv,cortex__v2,08_factor_activity,2,3,factor|X_umap_1|X_umap_2,,"Pearson correlation between X_umap dimensions across cells (n=180,171)",2026-10-01T23:12:06+00:00
cortex__v2/08_factor_activity/factor_qc_correlation_PCA.csv,cortex__v2,08_factor_activity,50,16,factor|frac_mito|frac_unspliced|n_genes|total_umis|total_rna|cell_cycle_score|cycling_score|cc_g1|cc_s|cc_g2m|doublet_score|max_abs_qc_correlation|max_abs_technical_correlation|likely_technical|tracks_cell_cycle,,"Correlation of each PCA dimension with QC metrics; likely_technical = |r|>0.3 with depth/mito/doublet metrics; tracks_cell_cycle flagged separately (biology, not artefact)",2026-10-01T23:12:04+00:00
cortex__v2/08_factor_activity/factor_qc_correlation_TSNE.csv,cortex__v2,08_factor_activity,2,16,factor|frac_mito|frac_unspliced|n_genes|total_umis|total_rna|cell_cycle_score|cycling_score|cc_g1|cc_s|cc_g2m|doublet_score|max_abs_qc_correlation|max_abs_technical_correlation|likely_technical|tracks_cell_cycle,,"Correlation of each TSNE dimension with QC metrics; likely_technical = |r|>0.3 with depth/mito/doublet metrics; tracks_cell_cycle flagged separately (biology, not artefact)",2026-10-01T23:12:04+00:00
cortex__v2/08_factor_activity/factor_qc_correlation_UMAP.csv,cortex__v2,08_factor_activity,2,16,factor|frac_mito|frac_unspliced|n_genes|total_umis|total_rna|cell_cycle_score|cycling_score|cc_g1|cc_s|cc_g2m|doublet_score|max_abs_qc_correlation|max_abs_technical_correlation|likely_technical|tracks_cell_cycle,,"Correlation of each UMAP dimension with QC metrics; likely_technical = |r|>0.3 with depth/mito/doublet metrics; tracks_cell_cycle flagged separately (biology, not artefact)",2026-10-01T23:12:05+00:00
cortex__v2/08_factor_activity/factor_qc_correlation_UMAP3D.csv,cortex__v2,08_factor_activity,3,16,factor|frac_mito|frac_unspliced|n_genes|total_umis|total_rna|cell_cycle_score|cycling_score|cc_g1|cc_s|cc_g2m|doublet_score|max_abs_qc_correlation|max_abs_technical_correlation|likely_technical|tracks_cell_cycle,,"Correlation of each UMAP3D dimension with QC metrics; likely_technical = |r|>0.3 with depth/mito/doublet metrics; tracks_cell_cycle flagged separately (biology, not artefact)",2026-10-01T23:12:05+00:00
cortex__v2/08_factor_activity/factor_qc_correlation_X_scVI.csv,cortex__v2,08_factor_activity,10,16,factor|frac_mito|frac_unspliced|n_genes|total_umis|total_rna|cell_cycle_score|cycling_score|cc_g1|cc_s|cc_g2m|doublet_score|max_abs_qc_correlation|max_abs_technical_correlation|likely_technical|tracks_cell_cycle,,"Correlation of each X_scVI dimension with QC metrics; likely_technical = |r|>0.3 with depth/mito/doublet metrics; tracks_cell_cycle flagged separately (biology, not artefact)",2026-10-01T23:12:06+00:00
cortex__v2/08_factor_activity/factor_qc_correlation_X_umap.csv,cortex__v2,08_factor_activity,2,16,factor|frac_mito|frac_unspliced|n_genes|total_umis|total_rna|cell_cycle_score|cycling_score|cc_g1|cc_s|cc_g2m|doublet_score|max_abs_qc_correlation|max_abs_technical_correlation|likely_technical|tracks_cell_cycle,,"Correlation of each X_umap dimension with QC metrics; likely_technical = |r|>0.3 with depth/mito/doublet metrics; tracks_cell_cycle flagged separately (biology, not artefact)",2026-10-01T23:12:06+00:00
cortex__v2/08_factor_activity/factor_specificity_PCA.csv,cortex__v2,08_factor_activity,50,5,factor|tau_across_cell_class|top_cell_class|top_value|range_across_cell_class,,"tau specificity of each PCA dimension across cell classes (1 = restricted to one class, 0 = shared by all)",2026-10-01T23:12:02+00:00
cortex__v2/08_factor_activity/factor_specificity_TSNE.csv,cortex__v2,08_factor_activity,2,5,factor|tau_across_cell_class|top_cell_class|top_value|range_across_cell_class,,"tau specificity of each TSNE dimension across cell classes (1 = restricted to one class, 0 = shared by all)",2026-10-01T23:12:04+00:00
cortex__v2/08_factor_activity/factor_specificity_UMAP.csv,cortex__v2,08_factor_activity,2,5,factor|tau_across_cell_class|top_cell_class|top_value|range_across_cell_class,,"tau specificity of each UMAP dimension across cell classes (1 = restricted to one class, 0 = shared by all)",2026-10-01T23:12:05+00:00
cortex__v2/08_factor_activity/factor_specificity_UMAP3D.csv,cortex__v2,08_factor_activity,3,5,factor|tau_across_cell_class|top_cell_class|top_value|range_across_cell_class,,"tau specificity of each UMAP3D dimension across cell classes (1 = restricted to one class, 0 = shared by all)",2026-10-01T23:12:05+00:00
cortex__v2/08_factor_activity/factor_specificity_X_scVI.csv,cortex__v2,08_factor_activity,10,5,factor|tau_across_cell_class|top_cell_class|top_value|range_across_cell_class,,"tau specificity of each X_scVI dimension across cell classes (1 = restricted to one class, 0 = shared by all)",2026-10-01T23:12:06+00:00
cortex__v2/08_factor_activity/factor_specificity_X_umap.csv,cortex__v2,08_factor_activity,2,5,factor|tau_across_cell_class|top_cell_class|top_value|range_across_cell_class,,"tau specificity of each X_umap dimension across cell classes (1 = restricted to one class, 0 = shared by all)",2026-10-01T23:12:06+00:00
cortex__v2/09_pseudobulk/age__cpm.csv,cortex__v2,09_pseudobulk,12056,14,gene|10.0|11.5|12.0|13.25|14.0|5.0|5.5|6.9|7.5|8.0|8.5|9.2|9.5,,Pseudobulk CPM per gene per age,2026-10-01T23:25:00+00:00
cortex__v2/09_pseudobulk/age__detection_fraction.csv,cortex__v2,09_pseudobulk,12056,14,gene|10.0|11.5|12.0|13.25|14.0|5.0|5.5|6.9|7.5|8.0|8.5|9.2|9.5,,Fraction of cells in each age expressing each gene,2026-10-01T23:25:00+00:00
cortex__v2/09_pseudobulk/age__group_summary.csv,cortex__v2,09_pseudobulk,13,7,grouping|group|n_cells|total_umis|mean_umis_per_cell|n_genes_detected_in_group|below_min_cells,,"Cells, sequencing depth and genes detected per age",2026-10-01T23:25:00+00:00
cortex__v2/09_pseudobulk/age__mean_lognorm.csv,cortex__v2,09_pseudobulk,12056,14,gene|10.0|11.5|12.0|13.25|14.0|5.0|5.5|6.9|7.5|8.0|8.5|9.2|9.5,,Mean log1p(CP10K) per gene per age -- depth-comparable,2026-10-01T23:24:59+00:00
cortex__v2/09_pseudobulk/age__pseudobulk_counts.csv,cortex__v2,09_pseudobulk,12056,14,gene|10.0|11.5|12.0|13.25|14.0|5.0|5.5|6.9|7.5|8.0|8.5|9.2|9.5,,Summed raw counts per gene per age -- input for edgeR/DESeq2,2026-10-01T23:24:59+00:00
cortex__v2/09_pseudobulk/cell_class__cpm.csv,cortex__v2,09_pseudobulk,12056,6,gene|Glioblast|Neuroblast|Neuron|Neuronal IPC|Radial glia,,Pseudobulk CPM per gene per cell_class,2026-10-01T23:24:52+00:00
cortex__v2/09_pseudobulk/cell_class__detection_fraction.csv,cortex__v2,09_pseudobulk,12056,6,gene|Glioblast|Neuroblast|Neuron|Neuronal IPC|Radial glia,,Fraction of cells in each cell_class expressing each gene,2026-10-01T23:24:52+00:00
cortex__v2/09_pseudobulk/cell_class__group_summary.csv,cortex__v2,09_pseudobulk,5,7,grouping|group|n_cells|total_umis|mean_umis_per_cell|n_genes_detected_in_group|below_min_cells,,"Cells, sequencing depth and genes detected per cell_class",2026-10-01T23:24:52+00:00
cortex__v2/09_pseudobulk/cell_class__mean_lognorm.csv,cortex__v2,09_pseudobulk,12056,6,gene|Glioblast|Neuroblast|Neuron|Neuronal IPC|Radial glia,,Mean log1p(CP10K) per gene per cell_class -- depth-comparable,2026-10-01T23:24:52+00:00
cortex__v2/09_pseudobulk/cell_class__pseudobulk_counts.csv,cortex__v2,09_pseudobulk,12056,6,gene|Glioblast|Neuroblast|Neuron|Neuronal IPC|Radial glia,,Summed raw counts per gene per cell_class -- input for edgeR/DESeq2,2026-10-01T23:24:51+00:00
cortex__v2/09_pseudobulk/cell_class_x_age__cpm.csv,cortex__v2,09_pseudobulk,12056,62,gene|Glioblast | 10.0|Glioblast | 11.5|Glioblast | 12.0|Glioblast | 13.25|Glioblast | 14.0|Glioblast | 6.9|Glioblast | 7.5|Glioblast | 8.0|Glioblast | 8.5|Glioblast | 9.2|Glioblast | 9.5|Neuroblast | 10.0|Neuroblast | 11.5|Neuroblast | 12.0|Neuroblast | 13.25|Neuroblast | 14.0|Neuroblast | 5.0|Neuroblast | 5.5|Neuroblast | 6.9|Neuroblast | 7.5|Neuroblast | 8.0|Neuroblast | 8.5|Neuroblast | 9.2|Neuroblast | 9.5|Neuron | 10.0|Neuron | 11.5|Neuron | 12.0|Neuron | 13.25|Neuron | 14.0|Neuron | 6.9|Neuron | 7.5|Neuron | 8.0|Neuron | 8.5|Neuron | 9.2|Neuron | 9.5|Neuronal IPC | 10.0|Neuronal IPC | 11.5|Neuronal IPC | 12.0|Neuronal IPC | 13.25,,Pseudobulk CPM per gene per cell_class_x_age,2026-10-01T23:24:54+00:00
cortex__v2/09_pseudobulk/cell_class_x_age__detection_fraction.csv,cortex__v2,09_pseudobulk,12056,62,gene|Glioblast | 10.0|Glioblast | 11.5|Glioblast | 12.0|Glioblast | 13.25|Glioblast | 14.0|Glioblast | 6.9|Glioblast | 7.5|Glioblast | 8.0|Glioblast | 8.5|Glioblast | 9.2|Glioblast | 9.5|Neuroblast | 10.0|Neuroblast | 11.5|Neuroblast | 12.0|Neuroblast | 13.25|Neuroblast | 14.0|Neuroblast | 5.0|Neuroblast | 5.5|Neuroblast | 6.9|Neuroblast | 7.5|Neuroblast | 8.0|Neuroblast | 8.5|Neuroblast | 9.2|Neuroblast | 9.5|Neuron | 10.0|Neuron | 11.5|Neuron | 12.0|Neuron | 13.25|Neuron | 14.0|Neuron | 6.9|Neuron | 7.5|Neuron | 8.0|Neuron | 8.5|Neuron | 9.2|Neuron | 9.5|Neuronal IPC | 10.0|Neuronal IPC | 11.5|Neuronal IPC | 12.0|Neuronal IPC | 13.25,,Fraction of cells in each cell_class_x_age expressing each gene,2026-10-01T23:24:53+00:00
cortex__v2/09_pseudobulk/cell_class_x_age__group_summary.csv,cortex__v2,09_pseudobulk,61,7,grouping|group|n_cells|total_umis|mean_umis_per_cell|n_genes_detected_in_group|below_min_cells,,"Cells, sequencing depth and genes detected per cell_class_x_age",2026-10-01T23:24:54+00:00
cortex__v2/09_pseudobulk/cell_class_x_age__mean_lognorm.csv,cortex__v2,09_pseudobulk,12056,62,gene|Glioblast | 10.0|Glioblast | 11.5|Glioblast | 12.0|Glioblast | 13.25|Glioblast | 14.0|Glioblast | 6.9|Glioblast | 7.5|Glioblast | 8.0|Glioblast | 8.5|Glioblast | 9.2|Glioblast | 9.5|Neuroblast | 10.0|Neuroblast | 11.5|Neuroblast | 12.0|Neuroblast | 13.25|Neuroblast | 14.0|Neuroblast | 5.0|Neuroblast | 5.5|Neuroblast | 6.9|Neuroblast | 7.5|Neuroblast | 8.0|Neuroblast | 8.5|Neuroblast | 9.2|Neuroblast | 9.5|Neuron | 10.0|Neuron | 11.5|Neuron | 12.0|Neuron | 13.25|Neuron | 14.0|Neuron | 6.9|Neuron | 7.5|Neuron | 8.0|Neuron | 8.5|Neuron | 9.2|Neuron | 9.5|Neuronal IPC | 10.0|Neuronal IPC | 11.5|Neuronal IPC | 12.0|Neuronal IPC | 13.25,,Mean log1p(CP10K) per gene per cell_class_x_age -- depth-comparable,2026-10-01T23:24:53+00:00
cortex__v2/09_pseudobulk/cell_class_x_age__pseudobulk_counts.csv,cortex__v2,09_pseudobulk,12056,62,gene|Glioblast | 10.0|Glioblast | 11.5|Glioblast | 12.0|Glioblast | 13.25|Glioblast | 14.0|Glioblast | 6.9|Glioblast | 7.5|Glioblast | 8.0|Glioblast | 8.5|Glioblast | 9.2|Glioblast | 9.5|Neuroblast | 10.0|Neuroblast | 11.5|Neuroblast | 12.0|Neuroblast | 13.25|Neuroblast | 14.0|Neuroblast | 5.0|Neuroblast | 5.5|Neuroblast | 6.9|Neuroblast | 7.5|Neuroblast | 8.0|Neuroblast | 8.5|Neuroblast | 9.2|Neuroblast | 9.5|Neuron | 10.0|Neuron | 11.5|Neuron | 12.0|Neuron | 13.25|Neuron | 14.0|Neuron | 6.9|Neuron | 7.5|Neuron | 8.0|Neuron | 8.5|Neuron | 9.2|Neuron | 9.5|Neuronal IPC | 10.0|Neuronal IPC | 11.5|Neuronal IPC | 12.0|Neuronal IPC | 13.25,,Summed raw counts per gene per cell_class_x_age -- input for edgeR/DESeq2,2026-10-01T23:24:52+00:00
cortex__v2/09_pseudobulk/cell_class_x_region__cpm.csv,cortex__v2,09_pseudobulk,12056,44,gene|Glioblast | Cortex|Glioblast | Enthorinal cortex|Glioblast | Forebrain|Glioblast | Forebrain cortex|Glioblast | Frontotemporal cortex|Glioblast | Lower cortex|Glioblast | Occipital cortex|Glioblast | Upper cortex|Neuroblast | Cortex|Neuroblast | Cortical hem|Neuroblast | Enthorinal cortex|Neuroblast | Forebrain|Neuroblast | Forebrain cortex|Neuroblast | Frontotemporal cortex|Neuroblast | Lower cortex|Neuroblast | Occipital cortex|Neuroblast | Upper cortex|Neuron | Cortex|Neuron | Enthorinal cortex|Neuron | Forebrain|Neuron | Forebrain cortex|Neuron | Frontotemporal cortex|Neuron | Lower cortex|Neuron | Occipital cortex|Neuron | Upper cortex|Neuronal IPC | Cortex|Neuronal IPC | Cortical hem|Neuronal IPC | Enthorinal cortex|Neuronal IPC | Forebrain|Neuronal IPC | Forebrain cortex|Neuronal IPC | Frontotemporal cortex|Neuronal IPC | Lower cortex|Neuronal IPC | Occipital cortex|Neuronal IPC | Upper cortex|Radial glia | Cortex|Radial glia | Cortical hem|Radial glia | Enthorinal cortex|Radial glia | Forebrain|Radial glia | Forebrain cortex,,Pseudobulk CPM per gene per cell_class_x_region,2026-10-01T23:24:55+00:00
cortex__v2/09_pseudobulk/cell_class_x_region__detection_fraction.csv,cortex__v2,09_pseudobulk,12056,44,gene|Glioblast | Cortex|Glioblast | Enthorinal cortex|Glioblast | Forebrain|Glioblast | Forebrain cortex|Glioblast | Frontotemporal cortex|Glioblast | Lower cortex|Glioblast | Occipital cortex|Glioblast | Upper cortex|Neuroblast | Cortex|Neuroblast | Cortical hem|Neuroblast | Enthorinal cortex|Neuroblast | Forebrain|Neuroblast | Forebrain cortex|Neuroblast | Frontotemporal cortex|Neuroblast | Lower cortex|Neuroblast | Occipital cortex|Neuroblast | Upper cortex|Neuron | Cortex|Neuron | Enthorinal cortex|Neuron | Forebrain|Neuron | Forebrain cortex|Neuron | Frontotemporal cortex|Neuron | Lower cortex|Neuron | Occipital cortex|Neuron | Upper cortex|Neuronal IPC | Cortex|Neuronal IPC | Cortical hem|Neuronal IPC | Enthorinal cortex|Neuronal IPC | Forebrain|Neuronal IPC | Forebrain cortex|Neuronal IPC | Frontotemporal cortex|Neuronal IPC | Lower cortex|Neuronal IPC | Occipital cortex|Neuronal IPC | Upper cortex|Radial glia | Cortex|Radial glia | Cortical hem|Radial glia | Enthorinal cortex|Radial glia | Forebrain|Radial glia | Forebrain cortex,,Fraction of cells in each cell_class_x_region expressing each gene,2026-10-01T23:24:55+00:00
cortex__v2/09_pseudobulk/cell_class_x_region__group_summary.csv,cortex__v2,09_pseudobulk,43,7,grouping|group|n_cells|total_umis|mean_umis_per_cell|n_genes_detected_in_group|below_min_cells,,"Cells, sequencing depth and genes detected per cell_class_x_region",2026-10-01T23:24:55+00:00
cortex__v2/09_pseudobulk/cell_class_x_region__mean_lognorm.csv,cortex__v2,09_pseudobulk,12056,44,gene|Glioblast | Cortex|Glioblast | Enthorinal cortex|Glioblast | Forebrain|Glioblast | Forebrain cortex|Glioblast | Frontotemporal cortex|Glioblast | Lower cortex|Glioblast | Occipital cortex|Glioblast | Upper cortex|Neuroblast | Cortex|Neuroblast | Cortical hem|Neuroblast | Enthorinal cortex|Neuroblast | Forebrain|Neuroblast | Forebrain cortex|Neuroblast | Frontotemporal cortex|Neuroblast | Lower cortex|Neuroblast | Occipital cortex|Neuroblast | Upper cortex|Neuron | Cortex|Neuron | Enthorinal cortex|Neuron | Forebrain|Neuron | Forebrain cortex|Neuron | Frontotemporal cortex|Neuron | Lower cortex|Neuron | Occipital cortex|Neuron | Upper cortex|Neuronal IPC | Cortex|Neuronal IPC | Cortical hem|Neuronal IPC | Enthorinal cortex|Neuronal IPC | Forebrain|Neuronal IPC | Forebrain cortex|Neuronal IPC | Frontotemporal cortex|Neuronal IPC | Lower cortex|Neuronal IPC | Occipital cortex|Neuronal IPC | Upper cortex|Radial glia | Cortex|Radial glia | Cortical hem|Radial glia | Enthorinal cortex|Radial glia | Forebrain|Radial glia | Forebrain cortex,,Mean log1p(CP10K) per gene per cell_class_x_region -- depth-comparable,2026-10-01T23:24:54+00:00
cortex__v2/09_pseudobulk/cell_class_x_region__pseudobulk_counts.csv,cortex__v2,09_pseudobulk,12056,44,gene|Glioblast | Cortex|Glioblast | Enthorinal cortex|Glioblast | Forebrain|Glioblast | Forebrain cortex|Glioblast | Frontotemporal cortex|Glioblast | Lower cortex|Glioblast | Occipital cortex|Glioblast | Upper cortex|Neuroblast | Cortex|Neuroblast | Cortical hem|Neuroblast | Enthorinal cortex|Neuroblast | Forebrain|Neuroblast | Forebrain cortex|Neuroblast | Frontotemporal cortex|Neuroblast | Lower cortex|Neuroblast | Occipital cortex|Neuroblast | Upper cortex|Neuron | Cortex|Neuron | Enthorinal cortex|Neuron | Forebrain|Neuron | Forebrain cortex|Neuron | Frontotemporal cortex|Neuron | Lower cortex|Neuron | Occipital cortex|Neuron | Upper cortex|Neuronal IPC | Cortex|Neuronal IPC | Cortical hem|Neuronal IPC | Enthorinal cortex|Neuronal IPC | Forebrain|Neuronal IPC | Forebrain cortex|Neuronal IPC | Frontotemporal cortex|Neuronal IPC | Lower cortex|Neuronal IPC | Occipital cortex|Neuronal IPC | Upper cortex|Radial glia | Cortex|Radial glia | Cortical hem|Radial glia | Enthorinal cortex|Radial glia | Forebrain|Radial glia | Forebrain cortex,,Summed raw counts per gene per cell_class_x_region -- input for edgeR/DESeq2,2026-10-01T23:24:54+00:00
cortex__v2/09_pseudobulk/cluster_ClustersModularity__cpm.csv,cortex__v2,09_pseudobulk,12056,56,gene|0|1|2|3|4|5|6|7|8|9|10|11|12|13|14|15|16|17|18|19|20|21|22|23|24|25|26|27|28|29|30|31|32|33|34|35|36|37|38,,Pseudobulk CPM per gene per cluster_ClustersModularity,2026-10-01T23:25:05+00:00
cortex__v2/09_pseudobulk/cluster_ClustersModularity__detection_fraction.csv,cortex__v2,09_pseudobulk,12056,56,gene|0|1|2|3|4|5|6|7|8|9|10|11|12|13|14|15|16|17|18|19|20|21|22|23|24|25|26|27|28|29|30|31|32|33|34|35|36|37|38,,Fraction of cells in each cluster_ClustersModularity expressing each gene,2026-10-01T23:25:04+00:00
cortex__v2/09_pseudobulk/cluster_ClustersModularity__group_summary.csv,cortex__v2,09_pseudobulk,55,7,grouping|group|n_cells|total_umis|mean_umis_per_cell|n_genes_detected_in_group|below_min_cells,,"Cells, sequencing depth and genes detected per cluster_ClustersModularity",2026-10-01T23:25:05+00:00
cortex__v2/09_pseudobulk/cluster_ClustersModularity__mean_lognorm.csv,cortex__v2,09_pseudobulk,12056,56,gene|0|1|2|3|4|5|6|7|8|9|10|11|12|13|14|15|16|17|18|19|20|21|22|23|24|25|26|27|28|29|30|31|32|33|34|35|36|37|38,,Mean log1p(CP10K) per gene per cluster_ClustersModularity -- depth-comparable,2026-10-01T23:25:03+00:00
cortex__v2/09_pseudobulk/cluster_ClustersModularity__pseudobulk_counts.csv,cortex__v2,09_pseudobulk,12056,56,gene|0|1|2|3|4|5|6|7|8|9|10|11|12|13|14|15|16|17|18|19|20|21|22|23|24|25|26|27|28|29|30|31|32|33|34|35|36|37|38,,Summed raw counts per gene per cluster_ClustersModularity -- input for edgeR/DESeq2,2026-10-01T23:25:03+00:00
cortex__v2/09_pseudobulk/cluster_ClustersSurprise__cpm.csv,cortex__v2,09_pseudobulk,12056,951,gene|0|1|2|3|4|5|6|7|8|9|10|11|12|13|14|15|16|17|18|19|20|21|22|23|24|25|26|27|28|29|30|31|32|33|34|35|36|37|38,,Pseudobulk CPM per gene per cluster_ClustersSurprise,2026-10-01T23:25:46+00:00
cortex__v2/09_pseudobulk/cluster_ClustersSurprise__detection_fraction.csv,cortex__v2,09_pseudobulk,12056,951,gene|0|1|2|3|4|5|6|7|8|9|10|11|12|13|14|15|16|17|18|19|20|21|22|23|24|25|26|27|28|29|30|31|32|33|34|35|36|37|38,,Fraction of cells in each cluster_ClustersSurprise expressing each gene,2026-10-01T23:25:36+00:00
cortex__v2/09_pseudobulk/cluster_ClustersSurprise__group_summary.csv,cortex__v2,09_pseudobulk,950,7,grouping|group|n_cells|total_umis|mean_umis_per_cell|n_genes_detected_in_group|below_min_cells,,"Cells, sequencing depth and genes detected per cluster_ClustersSurprise",2026-10-01T23:25:47+00:00
cortex__v2/09_pseudobulk/cluster_ClustersSurprise__mean_lognorm.csv,cortex__v2,09_pseudobulk,12056,951,gene|0|1|2|3|4|5|6|7|8|9|10|11|12|13|14|15|16|17|18|19|20|21|22|23|24|25|26|27|28|29|30|31|32|33|34|35|36|37|38,,Mean log1p(CP10K) per gene per cluster_ClustersSurprise -- depth-comparable,2026-10-01T23:25:25+00:00
cortex__v2/09_pseudobulk/cluster_ClustersSurprise__pseudobulk_counts.csv,cortex__v2,09_pseudobulk,12056,951,gene|0|1|2|3|4|5|6|7|8|9|10|11|12|13|14|15|16|17|18|19|20|21|22|23|24|25|26|27|28|29|30|31|32|33|34|35|36|37|38,,Summed raw counts per gene per cluster_ClustersSurprise -- input for edgeR/DESeq2,2026-10-01T23:25:14+00:00
cortex__v2/09_pseudobulk/cluster_Clusters__cpm.csv,cortex__v2,09_pseudobulk,12056,56,gene|0|1|2|3|4|5|6|7|8|9|10|11|12|13|14|15|16|17|18|19|20|21|22|23|24|25|26|27|28|29|30|31|32|33|34|35|36|37|38,,Pseudobulk CPM per gene per cluster_Clusters,2026-10-01T23:25:02+00:00
cortex__v2/09_pseudobulk/cluster_Clusters__detection_fraction.csv,cortex__v2,09_pseudobulk,12056,56,gene|0|1|2|3|4|5|6|7|8|9|10|11|12|13|14|15|16|17|18|19|20|21|22|23|24|25|26|27|28|29|30|31|32|33|34|35|36|37|38,,Fraction of cells in each cluster_Clusters expressing each gene,2026-10-01T23:25:02+00:00
cortex__v2/09_pseudobulk/cluster_Clusters__group_summary.csv,cortex__v2,09_pseudobulk,55,7,grouping|group|n_cells|total_umis|mean_umis_per_cell|n_genes_detected_in_group|below_min_cells,,"Cells, sequencing depth and genes detected per cluster_Clusters",2026-10-01T23:25:02+00:00
cortex__v2/09_pseudobulk/cluster_Clusters__mean_lognorm.csv,cortex__v2,09_pseudobulk,12056,56,gene|0|1|2|3|4|5|6|7|8|9|10|11|12|13|14|15|16|17|18|19|20|21|22|23|24|25|26|27|28|29|30|31|32|33|34|35|36|37|38,,Mean log1p(CP10K) per gene per cluster_Clusters -- depth-comparable,2026-10-01T23:25:01+00:00
cortex__v2/09_pseudobulk/cluster_Clusters__pseudobulk_counts.csv,cortex__v2,09_pseudobulk,12056,56,gene|0|1|2|3|4|5|6|7|8|9|10|11|12|13|14|15|16|17|18|19|20|21|22|23|24|25|26|27|28|29|30|31|32|33|34|35|36|37|38,,Summed raw counts per gene per cluster_Clusters -- input for edgeR/DESeq2,2026-10-01T23:25:00+00:00
cortex__v2/09_pseudobulk/cluster_leiden_scVI__cpm.csv,cortex__v2,09_pseudobulk,12056,14,gene|0|1|10|11|12|2|3|4|5|6|7|8|9,,Pseudobulk CPM per gene per cluster_leiden_scVI,2026-10-01T23:25:47+00:00
cortex__v2/09_pseudobulk/cluster_leiden_scVI__detection_fraction.csv,cortex__v2,09_pseudobulk,12056,14,gene|0|1|10|11|12|2|3|4|5|6|7|8|9,,Fraction of cells in each cluster_leiden_scVI expressing each gene,2026-10-01T23:25:47+00:00
cortex__v2/09_pseudobulk/cluster_leiden_scVI__group_summary.csv,cortex__v2,09_pseudobulk,13,7,grouping|group|n_cells|total_umis|mean_umis_per_cell|n_genes_detected_in_group|below_min_cells,,"Cells, sequencing depth and genes detected per cluster_leiden_scVI",2026-10-01T23:25:47+00:00
cortex__v2/09_pseudobulk/cluster_leiden_scVI__mean_lognorm.csv,cortex__v2,09_pseudobulk,12056,14,gene|0|1|10|11|12|2|3|4|5|6|7|8|9,,Mean log1p(CP10K) per gene per cluster_leiden_scVI -- depth-comparable,2026-10-01T23:25:47+00:00
cortex__v2/09_pseudobulk/cluster_leiden_scVI__pseudobulk_counts.csv,cortex__v2,09_pseudobulk,12056,14,gene|0|1|10|11|12|2|3|4|5|6|7|8|9,,Summed raw counts per gene per cluster_leiden_scVI -- input for edgeR/DESeq2,2026-10-01T23:25:47+00:00
cortex__v2/09_pseudobulk/cluster_louvain__cpm.csv,cortex__v2,09_pseudobulk,12056,8,gene|0|1|2|3|4|5|6,,Pseudobulk CPM per gene per cluster_louvain,2026-10-01T23:25:48+00:00
cortex__v2/09_pseudobulk/cluster_louvain__detection_fraction.csv,cortex__v2,09_pseudobulk,12056,8,gene|0|1|2|3|4|5|6,,Fraction of cells in each cluster_louvain expressing each gene,2026-10-01T23:25:47+00:00
cortex__v2/09_pseudobulk/cluster_louvain__group_summary.csv,cortex__v2,09_pseudobulk,7,7,grouping|group|n_cells|total_umis|mean_umis_per_cell|n_genes_detected_in_group|below_min_cells,,"Cells, sequencing depth and genes detected per cluster_louvain",2026-10-01T23:25:48+00:00
cortex__v2/09_pseudobulk/cluster_louvain__mean_lognorm.csv,cortex__v2,09_pseudobulk,12056,8,gene|0|1|2|3|4|5|6,,Mean log1p(CP10K) per gene per cluster_louvain -- depth-comparable,2026-10-01T23:25:47+00:00
cortex__v2/09_pseudobulk/cluster_louvain__pseudobulk_counts.csv,cortex__v2,09_pseudobulk,12056,8,gene|0|1|2|3|4|5|6,,Summed raw counts per gene per cluster_louvain -- input for edgeR/DESeq2,2026-10-01T23:25:47+00:00
cortex__v2/09_pseudobulk/donor__cpm.csv,cortex__v2,09_pseudobulk,12056,16,gene|BRC2006|BRC2061|BRC2114|BRC2191|XDD:348|XDD:351|XDD:358|XDD:359|XDD:3766:313|XDD:385|XDD:400|XHU:0542:305|XHU:1405:297|XHU:1966:307|XHU:4901:292,,Pseudobulk CPM per gene per donor,2026-10-01T23:24:58+00:00
cortex__v2/09_pseudobulk/donor__detection_fraction.csv,cortex__v2,09_pseudobulk,12056,16,gene|BRC2006|BRC2061|BRC2114|BRC2191|XDD:348|XDD:351|XDD:358|XDD:359|XDD:3766:313|XDD:385|XDD:400|XHU:0542:305|XHU:1405:297|XHU:1966:307|XHU:4901:292,,Fraction of cells in each donor expressing each gene,2026-10-01T23:24:58+00:00
cortex__v2/09_pseudobulk/donor__group_summary.csv,cortex__v2,09_pseudobulk,15,7,grouping|group|n_cells|total_umis|mean_umis_per_cell|n_genes_detected_in_group|below_min_cells,,"Cells, sequencing depth and genes detected per donor",2026-10-01T23:24:58+00:00
cortex__v2/09_pseudobulk/donor__mean_lognorm.csv,cortex__v2,09_pseudobulk,12056,16,gene|BRC2006|BRC2061|BRC2114|BRC2191|XDD:348|XDD:351|XDD:358|XDD:359|XDD:3766:313|XDD:385|XDD:400|XHU:0542:305|XHU:1405:297|XHU:1966:307|XHU:4901:292,,Mean log1p(CP10K) per gene per donor -- depth-comparable,2026-10-01T23:24:58+00:00
cortex__v2/09_pseudobulk/donor__pseudobulk_counts.csv,cortex__v2,09_pseudobulk,12056,16,gene|BRC2006|BRC2061|BRC2114|BRC2191|XDD:348|XDD:351|XDD:358|XDD:359|XDD:3766:313|XDD:385|XDD:400|XHU:0542:305|XHU:1405:297|XHU:1966:307|XHU:4901:292,,Summed raw counts per gene per donor -- input for edgeR/DESeq2,2026-10-01T23:24:58+00:00
cortex__v2/09_pseudobulk/gene_selection.csv,cortex__v2,09_pseudobulk,33538,7,var_index|symbol|total_umis|rank_by_umis|in_panel|selected|reason,,"Per gene: total UMIs, rank, panel membership and whether it was exported",2026-10-01T23:22:21+00:00
cortex__v2/09_pseudobulk/region__cpm.csv,cortex__v2,09_pseudobulk,12056,10,gene|Cortex|Cortical hem|Enthorinal cortex|Forebrain|Forebrain cortex|Frontotemporal cortex|Lower cortex|Occipital cortex|Upper cortex,,Pseudobulk CPM per gene per region,2026-10-01T23:24:59+00:00
cortex__v2/09_pseudobulk/region__detection_fraction.csv,cortex__v2,09_pseudobulk,12056,10,gene|Cortex|Cortical hem|Enthorinal cortex|Forebrain|Forebrain cortex|Frontotemporal cortex|Lower cortex|Occipital cortex|Upper cortex,,Fraction of cells in each region expressing each gene,2026-10-01T23:24:58+00:00
cortex__v2/09_pseudobulk/region__group_summary.csv,cortex__v2,09_pseudobulk,9,7,grouping|group|n_cells|total_umis|mean_umis_per_cell|n_genes_detected_in_group|below_min_cells,,"Cells, sequencing depth and genes detected per region",2026-10-01T23:24:59+00:00
cortex__v2/09_pseudobulk/region__mean_lognorm.csv,cortex__v2,09_pseudobulk,12056,10,gene|Cortex|Cortical hem|Enthorinal cortex|Forebrain|Forebrain cortex|Frontotemporal cortex|Lower cortex|Occipital cortex|Upper cortex,,Mean log1p(CP10K) per gene per region -- depth-comparable,2026-10-01T23:24:58+00:00
cortex__v2/09_pseudobulk/region__pseudobulk_counts.csv,cortex__v2,09_pseudobulk,12056,10,gene|Cortex|Cortical hem|Enthorinal cortex|Forebrain|Forebrain cortex|Frontotemporal cortex|Lower cortex|Occipital cortex|Upper cortex,,Summed raw counts per gene per region -- input for edgeR/DESeq2,2026-10-01T23:24:58+00:00
cortex__v2/09_pseudobulk/sample__cpm.csv,cortex__v2,09_pseudobulk,12056,82,gene|10X101_1|10X101_2|10X101_3|10X101_4|10X101_5|10X101_6|10X101_7|10X101_8|10X102_2|10X102_3|10X102_4|10X102_5|10X102_6|10X102_7|10X102_8|10X111_1|10X111_2|10X112_1|10X112_2|10X114_1|10X114_3|10X114_4|10X115_1|10X115_2|10X115_3|10X115_5|10X115_6|10X124_3|10X124_4|10X125_3|10X125_4|10X132_1|10X132_2|10X132_3|10X132_4|10X132_5|10X132_6|10X132_7|10X132_8,,Pseudobulk CPM per gene per sample,2026-10-01T23:24:58+00:00
cortex__v2/09_pseudobulk/sample__detection_fraction.csv,cortex__v2,09_pseudobulk,12056,82,gene|10X101_1|10X101_2|10X101_3|10X101_4|10X101_5|10X101_6|10X101_7|10X101_8|10X102_2|10X102_3|10X102_4|10X102_5|10X102_6|10X102_7|10X102_8|10X111_1|10X111_2|10X112_1|10X112_2|10X114_1|10X114_3|10X114_4|10X115_1|10X115_2|10X115_3|10X115_5|10X115_6|10X124_3|10X124_4|10X125_3|10X125_4|10X132_1|10X132_2|10X132_3|10X132_4|10X132_5|10X132_6|10X132_7|10X132_8,,Fraction of cells in each sample expressing each gene,2026-10-01T23:24:57+00:00
cortex__v2/09_pseudobulk/sample__group_summary.csv,cortex__v2,09_pseudobulk,81,7,grouping|group|n_cells|total_umis|mean_umis_per_cell|n_genes_detected_in_group|below_min_cells,,"Cells, sequencing depth and genes detected per sample",2026-10-01T23:24:58+00:00
cortex__v2/09_pseudobulk/sample__mean_lognorm.csv,cortex__v2,09_pseudobulk,12056,82,gene|10X101_1|10X101_2|10X101_3|10X101_4|10X101_5|10X101_6|10X101_7|10X101_8|10X102_2|10X102_3|10X102_4|10X102_5|10X102_6|10X102_7|10X102_8|10X111_1|10X111_2|10X112_1|10X112_2|10X114_1|10X114_3|10X114_4|10X115_1|10X115_2|10X115_3|10X115_5|10X115_6|10X124_3|10X124_4|10X125_3|10X125_4|10X132_1|10X132_2|10X132_3|10X132_4|10X132_5|10X132_6|10X132_7|10X132_8,,Mean log1p(CP10K) per gene per sample -- depth-comparable,2026-10-01T23:24:56+00:00
cortex__v2/09_pseudobulk/sample__pseudobulk_counts.csv,cortex__v2,09_pseudobulk,12056,82,gene|10X101_1|10X101_2|10X101_3|10X101_4|10X101_5|10X101_6|10X101_7|10X101_8|10X102_2|10X102_3|10X102_4|10X102_5|10X102_6|10X102_7|10X102_8|10X111_1|10X111_2|10X112_1|10X112_2|10X114_1|10X114_3|10X114_4|10X115_1|10X115_2|10X115_3|10X115_5|10X115_6|10X124_3|10X124_4|10X125_3|10X125_4|10X132_1|10X132_2|10X132_3|10X132_4|10X132_5|10X132_6|10X132_7|10X132_8,,Summed raw counts per gene per sample -- input for edgeR/DESeq2,2026-10-01T23:24:56+00:00
cortex__v2/09_pseudobulk/subregion__cpm.csv,cortex__v2,09_pseudobulk,12056,25,gene|BRC2006_Cortex|BRC2061_Cortex|BRC2114_Cortex|BRC2191_Cortex|BRC2191_Cortical_hem|XDD:348_Forebrain|XDD:351_Cortex|XDD:351_Enthorinal_cortex|XDD:358_Frontotemporal_cortex|XDD:358_Lower_cortex|XDD:358_Occipital_cortex|XDD:358_Upper_cortex|XDD:359_Frontotemporal_cortex|XDD:359_Lower_cortex|XDD:359_Occipital_cortex|XDD:3766:313_Forebrain|XDD:385_Cortex|XDD:400_Forebrain|XHU:0542:305_Forebrain|XHU:1405:297_Cortex|XHU:1405:297_Forebrain|XHU:1966:307_Cortex|XHU:1966:307_Forebrain|XHU:4901:292_Forebrain_cortex,,Pseudobulk CPM per gene per subregion,2026-10-01T23:24:59+00:00
cortex__v2/09_pseudobulk/subregion__detection_fraction.csv,cortex__v2,09_pseudobulk,12056,25,gene|BRC2006_Cortex|BRC2061_Cortex|BRC2114_Cortex|BRC2191_Cortex|BRC2191_Cortical_hem|XDD:348_Forebrain|XDD:351_Cortex|XDD:351_Enthorinal_cortex|XDD:358_Frontotemporal_cortex|XDD:358_Lower_cortex|XDD:358_Occipital_cortex|XDD:358_Upper_cortex|XDD:359_Frontotemporal_cortex|XDD:359_Lower_cortex|XDD:359_Occipital_cortex|XDD:3766:313_Forebrain|XDD:385_Cortex|XDD:400_Forebrain|XHU:0542:305_Forebrain|XHU:1405:297_Cortex|XHU:1405:297_Forebrain|XHU:1966:307_Cortex|XHU:1966:307_Forebrain|XHU:4901:292_Forebrain_cortex,,Fraction of cells in each subregion expressing each gene,2026-10-01T23:24:59+00:00
cortex__v2/09_pseudobulk/subregion__group_summary.csv,cortex__v2,09_pseudobulk,24,7,grouping|group|n_cells|total_umis|mean_umis_per_cell|n_genes_detected_in_group|below_min_cells,,"Cells, sequencing depth and genes detected per subregion",2026-10-01T23:24:59+00:00
cortex__v2/09_pseudobulk/subregion__mean_lognorm.csv,cortex__v2,09_pseudobulk,12056,25,gene|BRC2006_Cortex|BRC2061_Cortex|BRC2114_Cortex|BRC2191_Cortex|BRC2191_Cortical_hem|XDD:348_Forebrain|XDD:351_Cortex|XDD:351_Enthorinal_cortex|XDD:358_Frontotemporal_cortex|XDD:358_Lower_cortex|XDD:358_Occipital_cortex|XDD:358_Upper_cortex|XDD:359_Frontotemporal_cortex|XDD:359_Lower_cortex|XDD:359_Occipital_cortex|XDD:3766:313_Forebrain|XDD:385_Cortex|XDD:400_Forebrain|XHU:0542:305_Forebrain|XHU:1405:297_Cortex|XHU:1405:297_Forebrain|XHU:1966:307_Cortex|XHU:1966:307_Forebrain|XHU:4901:292_Forebrain_cortex,,Mean log1p(CP10K) per gene per subregion -- depth-comparable,2026-10-01T23:24:59+00:00
cortex__v2/09_pseudobulk/subregion__pseudobulk_counts.csv,cortex__v2,09_pseudobulk,12056,25,gene|BRC2006_Cortex|BRC2061_Cortex|BRC2114_Cortex|BRC2191_Cortex|BRC2191_Cortical_hem|XDD:348_Forebrain|XDD:351_Cortex|XDD:351_Enthorinal_cortex|XDD:358_Frontotemporal_cortex|XDD:358_Lower_cortex|XDD:358_Occipital_cortex|XDD:358_Upper_cortex|XDD:359_Frontotemporal_cortex|XDD:359_Lower_cortex|XDD:359_Occipital_cortex|XDD:3766:313_Forebrain|XDD:385_Cortex|XDD:400_Forebrain|XHU:0542:305_Forebrain|XHU:1405:297_Cortex|XHU:1405:297_Forebrain|XHU:1966:307_Cortex|XHU:1966:307_Forebrain|XHU:4901:292_Forebrain_cortex,,Summed raw counts per gene per subregion -- input for edgeR/DESeq2,2026-10-01T23:24:59+00:00
cortex__v2/10_markers/gene_coexpression_age.csv,cortex__v2,10_marker_specificity,500,501,gene|RPS4Y1|DDIT4|HSPA1A|RPS17|HES1|RPS26|HSPA1B|JUN|STMN2|NEUROD6|NFIB|EMX2|EEF1A1|HMGA2|LDHA|TPI1|ENO1|ARRDC3|DNAJB1|PRDX2|MIF|PKM|RBMX|UBA52|DNAJA1|PPIA|HNRNPA1|HBA2|SOX3|MT-CO2|RPS23|SOX2|HSP90AA1|RPLP2|TMSB10|VIM|NEUROD2|RPL36A|NFIA,,Correlation across age groups between the 500 most variable genes -- co-expression modules,2026-10-02T00:03:25+00:00
cortex__v2/10_markers/gene_coexpression_cell_class.csv,cortex__v2,10_marker_specificity,500,501,gene|VIM|STMN2|HES1|NEUROD6|FABP7|PTN|SOX2|RTN1|HMGB2|SOX4|MLLT11|NEUROD2|JUN|GAP43|FOS|TTYH1|HES6|BCL11B|ZFP36L1|SOX11|PCSK1N|CNTNAP2|EMX2|TUBA1B|SFRP1|TMSB10|DCX|NFIB|HIST1H4C|ELAVL4|ID2|TUBB2A|TAGLN3|CD24|HMGN3|CKS2|TOP2A|C1orf61|EOMES,,Correlation across cell_class groups between the 500 most variable genes -- co-expression modules,2026-10-02T00:03:25+00:00
cortex__v2/10_markers/gene_coexpression_cell_class_x_age.csv,cortex__v2,10_marker_specificity,500,501,gene|STMN2|VIM|HES1|NEUROD6|FABP7|RTN1|SOX2|PTN|HMGB2|SOX4|MLLT11|NEUROD2|GAP43|TTYH1|JUN|HES6|RPS4Y1|PCSK1N|NFIB|DDIT4|BCL11B|EMX2|HSPA1A|SFRP1|TMSB10|FOS|CNTNAP2|TUBB2A|TAGLN3|HIST1H4C|SOX11|ZFP36L1|CD24|ELAVL4|TUBA1B|DCX|GADD45G|HES4|NFIA,,Correlation across cell_class_x_age groups between the 500 most variable genes -- co-expression modules,2026-10-02T00:03:26+00:00
cortex__v2/10_markers/gene_coexpression_cell_class_x_region.csv,cortex__v2,10_marker_specificity,500,501,gene|VIM|STMN2|HES1|NEUROD6|FABP7|HMGB2|PTN|SOX2|SOX4|RTN1|MLLT11|NEUROD2|JUN|FOS|GAP43|TTYH1|HES6|BCL11B|TUBA1B|SOX11|HIST1H4C|PCSK1N|ZFP36L1|CNTNAP2|TMSB10|EMX2|SFRP1|NFIB|DCX|CD24|TAGLN3|ID2|TUBB2A|ELAVL4|HMGN3|CKS2|HES4|SYT1|C1orf61,,Correlation across cell_class_x_region groups between the 500 most variable genes -- co-expression modules,2026-10-02T00:03:27+00:00
cortex__v2/10_markers/gene_coexpression_cluster_Clusters.csv,cortex__v2,10_marker_specificity,500,501,gene|HES1|VIM|STMN2|NEUROD6|SOX2|HMGB2|RTN1|PTN|HIST1H4C|FABP7|MLLT11|UBE2C|PTTG1|TOP2A|TTYH1|DDIT4|JUN|CKS2|NEUROD2|SOX4|KPNA2|GAP43|RPS4Y1|ZFP36L1|CDK1|HES6|SFRP1|CENPF|EMX2|NUSAP1|TUBB2A|TMSB10|LDHA|TUBB4B|NFIB|RSPO3|BIRC5|MAD2L1|HSPA1A,,Correlation across cluster_Clusters groups between the 500 most variable genes -- co-expression modules,2026-10-02T00:03:32+00:00
cortex__v2/10_markers/gene_coexpression_cluster_ClustersModularity.csv,cortex__v2,10_marker_specificity,500,501,gene|HES1|VIM|STMN2|NEUROD6|HMGB2|SOX2|PTN|FABP7|RTN1|MLLT11|UBE2C|HIST1H4C|PTTG1|NEUROD2|SOX4|TTYH1|TOP2A|CKS2|JUN|GAP43|CDK1|ZFP36L1|KPNA2|DDIT4|CENPF|TMSB10|RPS4Y1|SFRP1|NUSAP1|TUBB4B|NFIB|EMX2|TUBB2A|BCL11B|MAD2L1|BIRC5|HES6|HSPA1A|CDC20,,Correlation across cluster_ClustersModularity groups between the 500 most variable genes -- co-expression modules,2026-10-02T00:03:27+00:00
cortex__v2/10_markers/gene_coexpression_cluster_ClustersSurprise.csv,cortex__v2,10_marker_specificity,500,501,gene|VIM|STMN2|NEUROD6|HES1|FABP7|PTN|SOX4|RTN1|SOX2|FOS|NEUROD2|HMGB2|JUN|MLLT11|GAP43|BCL11B|ID2|SOX11|TTYH1|LMO3|CNTNAP2|HIST1H4C|EMX2|IER2|DCX|PPP1R17|TUBA1B|PCSK1N|NFIB|TMSB10|EGR1|ZFP36L1|ZBTB18|SFRP1|DOK5|ELAVL4|PRDX1|HMGN3|HES6,,Correlation across cluster_ClustersSurprise groups between the 500 most variable genes -- co-expression modules,2026-10-02T00:03:31+00:00
cortex__v2/10_markers/gene_coexpression_cluster_leiden_scVI.csv,cortex__v2,10_marker_specificity,500,501,gene|STMN2|VIM|HES1|NEUROD6|HMGB2|RTN1|HIST1H4C|SOX2|MLLT11|GAP43|NEUROD2|PTTG1|TOP2A|TTYH1|SOX4|EMX2|FABP7|HES6|RSPO3|PCSK1N|UBE2C|CKS2|CENPF|TUBB2A|TPBG|BIRC5|CNTNAP2|NUSAP1|BCL11B|NNAT|JUN|RSPO2|CDK1|TUBA1B|CXCR4|DCX|TMSB10|TAGLN3|NFIB,,Correlation across cluster_leiden_scVI groups between the 500 most variable genes -- co-expression modules,2026-10-02T00:03:33+00:00
cortex__v2/10_markers/gene_coexpression_cluster_louvain.csv,cortex__v2,10_marker_specificity,500,501,gene|VIM|STMN2|NEUROD6|HES1|HMGB2|RTN1|SOX2|PTTG1|HIST1H4C|MLLT11|NEUROD2|SOX4|GAP43|FABP7|TOP2A|EMX2|CENPF|CKS2|BIRC5|TTYH1|BCL11B|PCSK1N|UBE2C|CNTNAP2|HES6|JUN|NUSAP1|RSPO3|SFRP1|HMGN3|CDK1|NFIB|ZFP36L1|TUBA1B|DCX|MAD2L1|TMSB10|TUBB2A|CDC20,,Correlation across cluster_louvain groups between the 500 most variable genes -- co-expression modules,2026-10-02T00:03:33+00:00
cortex__v2/10_markers/gene_coexpression_donor.csv,cortex__v2,10_marker_specificity,500,501,gene|RPS4Y1|DDIT4|HSPA1A|RPS17|HES1|RPS26|HSPA1B|JUN|STMN2|NEUROD6|NFIB|EMX2|EEF1A1|HMGA2|LDHA|TPI1|ENO1|ARRDC3|DNAJB1|PRDX2|MIF|PKM|RBMX|UBA52|DNAJA1|PPIA|HNRNPA1|HBA2|SOX3|MT-CO2|RPS23|SOX2|HSP90AA1|RPLP2|TMSB10|VIM|NEUROD2|RPL36A|NFIA,,Correlation across donor groups between the 500 most variable genes -- co-expression modules,2026-10-02T00:03:34+00:00
cortex__v2/10_markers/gene_coexpression_sample.csv,cortex__v2,10_marker_specificity,500,501,gene|RPS17|DDIT4|RPS4Y1|EEF1A1|HSPA1A|RPLP2|RPS23|RPL41|HES1|NEUROD6|STMN2|MIF|NFIB|HSPA1B|JUN|HNRNPA1|LDHA|EMX2|RPS4X|FAU|TPI1|UBA52|PPIA|RPL13|RPS3A|MT-CO2|RPS8|ARRDC3|RPL39|HBA2|ENO1|HMGA2|RPS26|VIM|PRDX2|RBMX|PKM|RPL8|TMSB10,,Correlation across sample groups between the 500 most variable genes -- co-expression modules,2026-10-02T00:03:34+00:00
cortex__v2/10_markers/gene_coexpression_subregion.csv,cortex__v2,10_marker_specificity,500,501,gene|RPS4Y1|RPS17|DDIT4|HSPA1A|HES1|STMN2|EEF1A1|JUN|NEUROD6|RPLP2|HSPA1B|EMX2|RPS26|NFIB|RPS23|LDHA|TPI1|HMGA2|ENO1|UBA52|ARRDC3|PKM|MIF|DNAJB1|VIM|SOX2|PRDX2|RBMX|DNAJA1|SOX3|RTN1|PPIA|NEUROD2|HNRNPA1|MT-CO2|RPS8|HMGB2|TMSB10|HBA2,,Correlation across subregion groups between the 500 most variable genes -- co-expression modules,2026-10-02T00:03:35+00:00
cortex__v2/10_markers/specificity_age.csv,cortex__v2,10_marker_specificity,12056,14,grouping|gene|top_group|top_mean_lognorm|rest_mean_lognorm|log2fc_vs_rest|tau_specificity|entropy_specificity|mean_across_groups|sd_across_groups|n_groups_expressed|detection_in_top_group|detection_in_rest|detection_difference,,"Per-gene specificity across age: tau, fold change, detection",2026-10-02T00:03:25+00:00
cortex__v2/10_markers/specificity_cell_class.csv,cortex__v2,10_marker_specificity,12056,14,grouping|gene|top_group|top_mean_lognorm|rest_mean_lognorm|log2fc_vs_rest|tau_specificity|entropy_specificity|mean_across_groups|sd_across_groups|n_groups_expressed|detection_in_top_group|detection_in_rest|detection_difference,,"Per-gene specificity across cell_class: tau, fold change, detection",2026-10-02T00:03:25+00:00
cortex__v2/10_markers/specificity_cell_class_x_age.csv,cortex__v2,10_marker_specificity,12056,14,grouping|gene|top_group|top_mean_lognorm|rest_mean_lognorm|log2fc_vs_rest|tau_specificity|entropy_specificity|mean_across_groups|sd_across_groups|n_groups_expressed|detection_in_top_group|detection_in_rest|detection_difference,,"Per-gene specificity across cell_class_x_age: tau, fold change, detection",2026-10-02T00:03:26+00:00
cortex__v2/10_markers/specificity_cell_class_x_region.csv,cortex__v2,10_marker_specificity,12056,14,grouping|gene|top_group|top_mean_lognorm|rest_mean_lognorm|log2fc_vs_rest|tau_specificity|entropy_specificity|mean_across_groups|sd_across_groups|n_groups_expressed|detection_in_top_group|detection_in_rest|detection_difference,,"Per-gene specificity across cell_class_x_region: tau, fold change, detection",2026-10-02T00:03:26+00:00
cortex__v2/10_markers/specificity_cluster_Clusters.csv,cortex__v2,10_marker_specificity,12056,14,grouping|gene|top_group|top_mean_lognorm|rest_mean_lognorm|log2fc_vs_rest|tau_specificity|entropy_specificity|mean_across_groups|sd_across_groups|n_groups_expressed|detection_in_top_group|detection_in_rest|detection_difference,,"Per-gene specificity across cluster_Clusters: tau, fold change, detection",2026-10-02T00:03:32+00:00
cortex__v2/10_markers/specificity_cluster_ClustersModularity.csv,cortex__v2,10_marker_specificity,12056,14,grouping|gene|top_group|top_mean_lognorm|rest_mean_lognorm|log2fc_vs_rest|tau_specificity|entropy_specificity|mean_across_groups|sd_across_groups|n_groups_expressed|detection_in_top_group|detection_in_rest|detection_difference,,"Per-gene specificity across cluster_ClustersModularity: tau, fold change, detection",2026-10-02T00:03:27+00:00
cortex__v2/10_markers/specificity_cluster_ClustersSurprise.csv,cortex__v2,10_marker_specificity,12056,14,grouping|gene|top_group|top_mean_lognorm|rest_mean_lognorm|log2fc_vs_rest|tau_specificity|entropy_specificity|mean_across_groups|sd_across_groups|n_groups_expressed|detection_in_top_group|detection_in_rest|detection_difference,,"Per-gene specificity across cluster_ClustersSurprise: tau, fold change, detection",2026-10-02T00:03:31+00:00
cortex__v2/10_markers/specificity_cluster_leiden_scVI.csv,cortex__v2,10_marker_specificity,12056,14,grouping|gene|top_group|top_mean_lognorm|rest_mean_lognorm|log2fc_vs_rest|tau_specificity|entropy_specificity|mean_across_groups|sd_across_groups|n_groups_expressed|detection_in_top_group|detection_in_rest|detection_difference,,"Per-gene specificity across cluster_leiden_scVI: tau, fold change, detection",2026-10-02T00:03:32+00:00
cortex__v2/10_markers/specificity_cluster_louvain.csv,cortex__v2,10_marker_specificity,12056,14,grouping|gene|top_group|top_mean_lognorm|rest_mean_lognorm|log2fc_vs_rest|tau_specificity|entropy_specificity|mean_across_groups|sd_across_groups|n_groups_expressed|detection_in_top_group|detection_in_rest|detection_difference,,"Per-gene specificity across cluster_louvain: tau, fold change, detection",2026-10-02T00:03:33+00:00
cortex__v2/10_markers/specificity_donor.csv,cortex__v2,10_marker_specificity,12056,14,grouping|gene|top_group|top_mean_lognorm|rest_mean_lognorm|log2fc_vs_rest|tau_specificity|entropy_specificity|mean_across_groups|sd_across_groups|n_groups_expressed|detection_in_top_group|detection_in_rest|detection_difference,,"Per-gene specificity across donor: tau, fold change, detection",2026-10-02T00:03:33+00:00
cortex__v2/10_markers/specificity_region.csv,cortex__v2,10_marker_specificity,12056,14,grouping|gene|top_group|top_mean_lognorm|rest_mean_lognorm|log2fc_vs_rest|tau_specificity|entropy_specificity|mean_across_groups|sd_across_groups|n_groups_expressed|detection_in_top_group|detection_in_rest|detection_difference,,"Per-gene specificity across region: tau, fold change, detection",2026-10-02T00:03:34+00:00
cortex__v2/10_markers/specificity_sample.csv,cortex__v2,10_marker_specificity,12056,14,grouping|gene|top_group|top_mean_lognorm|rest_mean_lognorm|log2fc_vs_rest|tau_specificity|entropy_specificity|mean_across_groups|sd_across_groups|n_groups_expressed|detection_in_top_group|detection_in_rest|detection_difference,,"Per-gene specificity across sample: tau, fold change, detection",2026-10-02T00:03:34+00:00
cortex__v2/10_markers/specificity_subregion.csv,cortex__v2,10_marker_specificity,12056,14,grouping|gene|top_group|top_mean_lognorm|rest_mean_lognorm|log2fc_vs_rest|tau_specificity|entropy_specificity|mean_across_groups|sd_across_groups|n_groups_expressed|detection_in_top_group|detection_in_rest|detection_difference,,"Per-gene specificity across subregion: tau, fold change, detection",2026-10-02T00:03:35+00:00
cortex__v2/10_markers/top_markers_age.csv,cortex__v2,10_marker_specificity,350,16,grouping|gene|top_group|top_mean_lognorm|rest_mean_lognorm|log2fc_vs_rest|tau_specificity|entropy_specificity|mean_across_groups|sd_across_groups|n_groups_expressed|detection_in_top_group|detection_in_rest|detection_difference|marker_score|rank_in_group,,"Top 50 markers per age group, ranked by specificity x fold change x detection gain",2026-10-02T00:03:25+00:00
cortex__v2/10_markers/top_markers_cell_class.csv,cortex__v2,10_marker_specificity,250,16,grouping|gene|top_group|top_mean_lognorm|rest_mean_lognorm|log2fc_vs_rest|tau_specificity|entropy_specificity|mean_across_groups|sd_across_groups|n_groups_expressed|detection_in_top_group|detection_in_rest|detection_difference|marker_score|rank_in_group,,"Top 50 markers per cell_class group, ranked by specificity x fold change x detection gain",2026-10-02T00:03:25+00:00
cortex__v2/10_markers/top_markers_cell_class_x_age.csv,cortex__v2,10_marker_specificity,1633,16,grouping|gene|top_group|top_mean_lognorm|rest_mean_lognorm|log2fc_vs_rest|tau_specificity|entropy_specificity|mean_across_groups|sd_across_groups|n_groups_expressed|detection_in_top_group|detection_in_rest|detection_difference|marker_score|rank_in_group,,"Top 50 markers per cell_class_x_age group, ranked by specificity x fold change x detection gain",2026-10-02T00:03:26+00:00
cortex__v2/10_markers/top_markers_cell_class_x_region.csv,cortex__v2,10_marker_specificity,750,16,grouping|gene|top_group|top_mean_lognorm|rest_mean_lognorm|log2fc_vs_rest|tau_specificity|entropy_specificity|mean_across_groups|sd_across_groups|n_groups_expressed|detection_in_top_group|detection_in_rest|detection_difference|marker_score|rank_in_group,,"Top 50 markers per cell_class_x_region group, ranked by specificity x fold change x detection gain",2026-10-02T00:03:26+00:00
cortex__v2/10_markers/top_markers_cluster_Clusters.csv,cortex__v2,10_marker_specificity,2116,16,grouping|gene|top_group|top_mean_lognorm|rest_mean_lognorm|log2fc_vs_rest|tau_specificity|entropy_specificity|mean_across_groups|sd_across_groups|n_groups_expressed|detection_in_top_group|detection_in_rest|detection_difference|marker_score|rank_in_group,,"Top 50 markers per cluster_Clusters group, ranked by specificity x fold change x detection gain",2026-10-02T00:03:32+00:00
cortex__v2/10_markers/top_markers_cluster_ClustersModularity.csv,cortex__v2,10_marker_specificity,2064,16,grouping|gene|top_group|top_mean_lognorm|rest_mean_lognorm|log2fc_vs_rest|tau_specificity|entropy_specificity|mean_across_groups|sd_across_groups|n_groups_expressed|detection_in_top_group|detection_in_rest|detection_difference|marker_score|rank_in_group,,"Top 50 markers per cluster_ClustersModularity group, ranked by specificity x fold change x detection gain",2026-10-02T00:03:27+00:00
cortex__v2/10_markers/top_markers_cluster_ClustersSurprise.csv,cortex__v2,10_marker_specificity,10494,16,grouping|gene|top_group|top_mean_lognorm|rest_mean_lognorm|log2fc_vs_rest|tau_specificity|entropy_specificity|mean_across_groups|sd_across_groups|n_groups_expressed|detection_in_top_group|detection_in_rest|detection_difference|marker_score|rank_in_group,,"Top 50 markers per cluster_ClustersSurprise group, ranked by specificity x fold change x detection gain",2026-10-02T00:03:31+00:00
cortex__v2/10_markers/top_markers_cluster_leiden_scVI.csv,cortex__v2,10_marker_specificity,550,16,grouping|gene|top_group|top_mean_lognorm|rest_mean_lognorm|log2fc_vs_rest|tau_specificity|entropy_specificity|mean_across_groups|sd_across_groups|n_groups_expressed|detection_in_top_group|detection_in_rest|detection_difference|marker_score|rank_in_group,,"Top 50 markers per cluster_leiden_scVI group, ranked by specificity x fold change x detection gain",2026-10-02T00:03:32+00:00
cortex__v2/10_markers/top_markers_cluster_louvain.csv,cortex__v2,10_marker_specificity,350,16,grouping|gene|top_group|top_mean_lognorm|rest_mean_lognorm|log2fc_vs_rest|tau_specificity|entropy_specificity|mean_across_groups|sd_across_groups|n_groups_expressed|detection_in_top_group|detection_in_rest|detection_difference|marker_score|rank_in_group,,"Top 50 markers per cluster_louvain group, ranked by specificity x fold change x detection gain",2026-10-02T00:03:33+00:00
cortex__v2/10_markers/top_markers_donor.csv,cortex__v2,10_marker_specificity,350,16,grouping|gene|top_group|top_mean_lognorm|rest_mean_lognorm|log2fc_vs_rest|tau_specificity|entropy_specificity|mean_across_groups|sd_across_groups|n_groups_expressed|detection_in_top_group|detection_in_rest|detection_difference|marker_score|rank_in_group,,"Top 50 markers per donor group, ranked by specificity x fold change x detection gain",2026-10-02T00:03:33+00:00
cortex__v2/10_markers/top_markers_region.csv,cortex__v2,10_marker_specificity,150,16,grouping|gene|top_group|top_mean_lognorm|rest_mean_lognorm|log2fc_vs_rest|tau_specificity|entropy_specificity|mean_across_groups|sd_across_groups|n_groups_expressed|detection_in_top_group|detection_in_rest|detection_difference|marker_score|rank_in_group,,"Top 50 markers per region group, ranked by specificity x fold change x detection gain",2026-10-02T00:03:34+00:00
cortex__v2/10_markers/top_markers_sample.csv,cortex__v2,10_marker_specificity,1937,16,grouping|gene|top_group|top_mean_lognorm|rest_mean_lognorm|log2fc_vs_rest|tau_specificity|entropy_specificity|mean_across_groups|sd_across_groups|n_groups_expressed|detection_in_top_group|detection_in_rest|detection_difference|marker_score|rank_in_group,,"Top 50 markers per sample group, ranked by specificity x fold change x detection gain",2026-10-02T00:03:34+00:00
cortex__v2/10_markers/top_markers_subregion.csv,cortex__v2,10_marker_specificity,450,16,grouping|gene|top_group|top_mean_lognorm|rest_mean_lognorm|log2fc_vs_rest|tau_specificity|entropy_specificity|mean_across_groups|sd_across_groups|n_groups_expressed|detection_in_top_group|detection_in_rest|detection_difference|marker_score|rank_in_group,,"Top 50 markers per subregion group, ranked by specificity x fold change x detection gain",2026-10-02T00:03:35+00:00
cortex__v2/11_panels/marker_label_check.csv,cortex__v2,11_gene_panels,21,6,panel_group|panel|highest_scoring_cell_class|zscore|n_genes_used|expected_match,,Which cell class each panel peaks in -- for marker panels this checks the supplied CellClass labels against canonical markers,2026-10-02T00:04:08+00:00
cortex__v2/11_panels/panel_coverage.csv,cortex__v2,11_gene_panels,375,5,panel_group|panel|gene|present_in_dataset|exported_in_pseudobulk,,"Per panel gene: present in this dataset's var, and exported by script 09 -- absent genes are missing from the file, not silent",2026-10-02T00:04:06+00:00
cortex__v2/11_panels/panel_coverage_summary.csv,cortex__v2,11_gene_panels,21,6,panel_group|panel|n_genes|n_present|n_exported|fraction_present,,Panel-level coverage counts,2026-10-02T00:04:06+00:00
cortex__v2/11_panels/panel_gene_expression_age.csv,cortex__v2,11_gene_panels,4082,7,grouping|gene|group|mean_lognorm|detection_fraction|panels|panel_groups,,Tidy panel-gene expression and detection per age group,2026-10-02T00:04:07+00:00
cortex__v2/11_panels/panel_gene_expression_cell_class.csv,cortex__v2,11_gene_panels,1570,7,grouping|gene|group|mean_lognorm|detection_fraction|panels|panel_groups,,Tidy panel-gene expression and detection per cell_class group,2026-10-02T00:04:06+00:00
cortex__v2/11_panels/panel_gene_expression_cell_class_x_age.csv,cortex__v2,11_gene_panels,19154,7,grouping|gene|group|mean_lognorm|detection_fraction|panels|panel_groups,,Tidy panel-gene expression and detection per cell_class_x_age group,2026-10-02T00:04:06+00:00
cortex__v2/11_panels/panel_gene_expression_cell_class_x_region.csv,cortex__v2,11_gene_panels,13502,7,grouping|gene|group|mean_lognorm|detection_fraction|panels|panel_groups,,Tidy panel-gene expression and detection per cell_class_x_region group,2026-10-02T00:04:07+00:00
cortex__v2/11_panels/panel_gene_expression_region.csv,cortex__v2,11_gene_panels,2826,7,grouping|gene|group|mean_lognorm|detection_fraction|panels|panel_groups,,Tidy panel-gene expression and detection per region group,2026-10-02T00:04:07+00:00
cortex__v2/11_panels/panel_gene_expression_sample.csv,cortex__v2,11_gene_panels,25434,7,grouping|gene|group|mean_lognorm|detection_fraction|panels|panel_groups,,Tidy panel-gene expression and detection per sample group,2026-10-02T00:04:08+00:00
cortex__v2/11_panels/panel_scores_age.csv,cortex__v2,11_gene_panels,273,7,grouping|panel_group|panel|group|n_genes_used|mean_lognorm|zscore_across_groups,,"Mean panel expression per age group, z-scored across groups",2026-10-02T00:04:07+00:00
cortex__v2/11_panels/panel_scores_cell_class.csv,cortex__v2,11_gene_panels,105,7,grouping|panel_group|panel|group|n_genes_used|mean_lognorm|zscore_across_groups,,"Mean panel expression per cell_class group, z-scored across groups",2026-10-02T00:04:06+00:00
cortex__v2/11_panels/panel_scores_cell_class_x_age.csv,cortex__v2,11_gene_panels,1281,7,grouping|panel_group|panel|group|n_genes_used|mean_lognorm|zscore_across_groups,,"Mean panel expression per cell_class_x_age group, z-scored across groups",2026-10-02T00:04:06+00:00
cortex__v2/11_panels/panel_scores_cell_class_x_region.csv,cortex__v2,11_gene_panels,903,7,grouping|panel_group|panel|group|n_genes_used|mean_lognorm|zscore_across_groups,,"Mean panel expression per cell_class_x_region group, z-scored across groups",2026-10-02T00:04:07+00:00
cortex__v2/11_panels/panel_scores_region.csv,cortex__v2,11_gene_panels,189,7,grouping|panel_group|panel|group|n_genes_used|mean_lognorm|zscore_across_groups,,"Mean panel expression per region group, z-scored across groups",2026-10-02T00:04:07+00:00
cortex__v2/11_panels/panel_scores_sample.csv,cortex__v2,11_gene_panels,1701,7,grouping|panel_group|panel|group|n_genes_used|mean_lognorm|zscore_across_groups,,"Mean panel expression per sample group, z-scored across groups",2026-10-02T00:04:08+00:00
cortex__v2/12_splicing/cell_class__spliced_counts.csv,cortex__v2,12_splicing_layers,12056,6,gene|Glioblast|Neuroblast|Neuron|Neuronal IPC|Radial glia,,Summed spliced counts per gene per cell_class,2026-10-01T23:28:01+00:00
cortex__v2/12_splicing/cell_class__unspliced_counts.csv,cortex__v2,12_splicing_layers,12056,6,gene|Glioblast|Neuroblast|Neuron|Neuronal IPC|Radial glia,,Summed unspliced counts per gene per cell_class,2026-10-01T23:28:02+00:00
cortex__v2/12_splicing/cell_class__unspliced_ratio.csv,cortex__v2,12_splicing_layers,12056,6,gene|Glioblast|Neuroblast|Neuron|Neuronal IPC|Radial glia,,Unspliced fraction per gene per cell_class (NaN below 50 counts) -- proxy for active transcription,2026-10-01T23:28:02+00:00
cortex__v2/12_splicing/cell_class_x_age__spliced_counts.csv,cortex__v2,12_splicing_layers,12056,62,gene|Glioblast | 10.0|Glioblast | 11.5|Glioblast | 12.0|Glioblast | 13.25|Glioblast | 14.0|Glioblast | 6.9|Glioblast | 7.5|Glioblast | 8.0|Glioblast | 8.5|Glioblast | 9.2|Glioblast | 9.5|Neuroblast | 10.0|Neuroblast | 11.5|Neuroblast | 12.0|Neuroblast | 13.25|Neuroblast | 14.0|Neuroblast | 5.0|Neuroblast | 5.5|Neuroblast | 6.9|Neuroblast | 7.5|Neuroblast | 8.0|Neuroblast | 8.5|Neuroblast | 9.2|Neuroblast | 9.5|Neuron | 10.0|Neuron | 11.5|Neuron | 12.0|Neuron | 13.25|Neuron | 14.0|Neuron | 6.9|Neuron | 7.5|Neuron | 8.0|Neuron | 8.5|Neuron | 9.2|Neuron | 9.5|Neuronal IPC | 10.0|Neuronal IPC | 11.5|Neuronal IPC | 12.0|Neuronal IPC | 13.25,,Summed spliced counts per gene per cell_class_x_age,2026-10-01T23:28:26+00:00
cortex__v2/12_splicing/cell_class_x_age__unspliced_counts.csv,cortex__v2,12_splicing_layers,12056,62,gene|Glioblast | 10.0|Glioblast | 11.5|Glioblast | 12.0|Glioblast | 13.25|Glioblast | 14.0|Glioblast | 6.9|Glioblast | 7.5|Glioblast | 8.0|Glioblast | 8.5|Glioblast | 9.2|Glioblast | 9.5|Neuroblast | 10.0|Neuroblast | 11.5|Neuroblast | 12.0|Neuroblast | 13.25|Neuroblast | 14.0|Neuroblast | 5.0|Neuroblast | 5.5|Neuroblast | 6.9|Neuroblast | 7.5|Neuroblast | 8.0|Neuroblast | 8.5|Neuroblast | 9.2|Neuroblast | 9.5|Neuron | 10.0|Neuron | 11.5|Neuron | 12.0|Neuron | 13.25|Neuron | 14.0|Neuron | 6.9|Neuron | 7.5|Neuron | 8.0|Neuron | 8.5|Neuron | 9.2|Neuron | 9.5|Neuronal IPC | 10.0|Neuronal IPC | 11.5|Neuronal IPC | 12.0|Neuronal IPC | 13.25,,Summed unspliced counts per gene per cell_class_x_age,2026-10-01T23:28:26+00:00
cortex__v2/12_splicing/cell_class_x_age__unspliced_ratio.csv,cortex__v2,12_splicing_layers,12056,62,gene|Glioblast | 10.0|Glioblast | 11.5|Glioblast | 12.0|Glioblast | 13.25|Glioblast | 14.0|Glioblast | 6.9|Glioblast | 7.5|Glioblast | 8.0|Glioblast | 8.5|Glioblast | 9.2|Glioblast | 9.5|Neuroblast | 10.0|Neuroblast | 11.5|Neuroblast | 12.0|Neuroblast | 13.25|Neuroblast | 14.0|Neuroblast | 5.0|Neuroblast | 5.5|Neuroblast | 6.9|Neuroblast | 7.5|Neuroblast | 8.0|Neuroblast | 8.5|Neuroblast | 9.2|Neuroblast | 9.5|Neuron | 10.0|Neuron | 11.5|Neuron | 12.0|Neuron | 13.25|Neuron | 14.0|Neuron | 6.9|Neuron | 7.5|Neuron | 8.0|Neuron | 8.5|Neuron | 9.2|Neuron | 9.5|Neuronal IPC | 10.0|Neuronal IPC | 11.5|Neuronal IPC | 12.0|Neuronal IPC | 13.25,,Unspliced fraction per gene per cell_class_x_age (NaN below 50 counts) -- proxy for active transcription,2026-10-01T23:28:27+00:00
cortex__v2/12_splicing/cluster_ClustersModularity__spliced_counts.csv,cortex__v2,12_splicing_layers,12056,56,gene|0|1|2|3|4|5|6|7|8|9|10|11|12|13|14|15|16|17|18|19|20|21|22|23|24|25|26|27|28|29|30|31|32|33|34|35|36|37|38,,Summed spliced counts per gene per cluster_ClustersModularity,2026-10-01T23:29:16+00:00
cortex__v2/12_splicing/cluster_ClustersModularity__unspliced_counts.csv,cortex__v2,12_splicing_layers,12056,56,gene|0|1|2|3|4|5|6|7|8|9|10|11|12|13|14|15|16|17|18|19|20|21|22|23|24|25|26|27|28|29|30|31|32|33|34|35|36|37|38,,Summed unspliced counts per gene per cluster_ClustersModularity,2026-10-01T23:29:17+00:00
cortex__v2/12_splicing/cluster_ClustersModularity__unspliced_ratio.csv,cortex__v2,12_splicing_layers,12056,56,gene|0|1|2|3|4|5|6|7|8|9|10|11|12|13|14|15|16|17|18|19|20|21|22|23|24|25|26|27|28|29|30|31|32|33|34|35|36|37|38,,Unspliced fraction per gene per cluster_ClustersModularity (NaN below 50 counts) -- proxy for active transcription,2026-10-01T23:29:17+00:00
cortex__v2/12_splicing/cluster_Clusters__spliced_counts.csv,cortex__v2,12_splicing_layers,12056,56,gene|0|1|2|3|4|5|6|7|8|9|10|11|12|13|14|15|16|17|18|19|20|21|22|23|24|25|26|27|28|29|30|31|32|33|34|35|36|37|38,,Summed spliced counts per gene per cluster_Clusters,2026-10-01T23:28:51+00:00
cortex__v2/12_splicing/cluster_Clusters__unspliced_counts.csv,cortex__v2,12_splicing_layers,12056,56,gene|0|1|2|3|4|5|6|7|8|9|10|11|12|13|14|15|16|17|18|19|20|21|22|23|24|25|26|27|28|29|30|31|32|33|34|35|36|37|38,,Summed unspliced counts per gene per cluster_Clusters,2026-10-01T23:28:52+00:00
cortex__v2/12_splicing/cluster_Clusters__unspliced_ratio.csv,cortex__v2,12_splicing_layers,12056,56,gene|0|1|2|3|4|5|6|7|8|9|10|11|12|13|14|15|16|17|18|19|20|21|22|23|24|25|26|27|28|29|30|31|32|33|34|35|36|37|38,,Unspliced fraction per gene per cluster_Clusters (NaN below 50 counts) -- proxy for active transcription,2026-10-01T23:28:52+00:00
cortex__v2/12_splicing/unspliced_ratio_summary.csv,cortex__v2,12_splicing_layers,48224,8,grouping|gene|n_groups_measured|unspliced_ratio_mean|unspliced_ratio_min|unspliced_ratio_max|unspliced_ratio_range|total_counts,,Per gene per grouping: spread of unspliced fraction across groups -- a large range means the gene is being switched on or off,2026-10-01T23:29:18+00:00
cortex__v2/14_normalization/distribution_age.csv,cortex__v2,14_normalization_diagnostics,13,13,grouping|group|log2cpm_q0|log2cpm_q5|log2cpm_q25|log2cpm_q50|log2cpm_q75|log2cpm_q95|log2cpm_q100|mean_log2cpm|sd_log2cpm|n_genes_detected|library_size,,"Per-group log2 CPM quantiles, mean/SD and detected-gene count -- the box/violin summary for spotting a mis-normalised group",2026-10-02T00:04:20+00:00
cortex__v2/14_normalization/distribution_cell_class.csv,cortex__v2,14_normalization_diagnostics,5,13,grouping|group|log2cpm_q0|log2cpm_q5|log2cpm_q25|log2cpm_q50|log2cpm_q75|log2cpm_q95|log2cpm_q100|mean_log2cpm|sd_log2cpm|n_genes_detected|library_size,,"Per-group log2 CPM quantiles, mean/SD and detected-gene count -- the box/violin summary for spotting a mis-normalised group",2026-10-02T00:04:20+00:00
cortex__v2/14_normalization/distribution_cell_class_x_age.csv,cortex__v2,14_normalization_diagnostics,61,13,grouping|group|log2cpm_q0|log2cpm_q5|log2cpm_q25|log2cpm_q50|log2cpm_q75|log2cpm_q95|log2cpm_q100|mean_log2cpm|sd_log2cpm|n_genes_detected|library_size,,"Per-group log2 CPM quantiles, mean/SD and detected-gene count -- the box/violin summary for spotting a mis-normalised group",2026-10-02T00:04:20+00:00
cortex__v2/14_normalization/distribution_cell_class_x_region.csv,cortex__v2,14_normalization_diagnostics,43,13,grouping|group|log2cpm_q0|log2cpm_q5|log2cpm_q25|log2cpm_q50|log2cpm_q75|log2cpm_q95|log2cpm_q100|mean_log2cpm|sd_log2cpm|n_genes_detected|library_size,,"Per-group log2 CPM quantiles, mean/SD and detected-gene count -- the box/violin summary for spotting a mis-normalised group",2026-10-02T00:04:20+00:00
cortex__v2/14_normalization/distribution_cluster_Clusters.csv,cortex__v2,14_normalization_diagnostics,55,13,grouping|group|log2cpm_q0|log2cpm_q5|log2cpm_q25|log2cpm_q50|log2cpm_q75|log2cpm_q95|log2cpm_q100|mean_log2cpm|sd_log2cpm|n_genes_detected|library_size,,"Per-group log2 CPM quantiles, mean/SD and detected-gene count -- the box/violin summary for spotting a mis-normalised group",2026-10-02T00:04:24+00:00
cortex__v2/14_normalization/distribution_cluster_ClustersModularity.csv,cortex__v2,14_normalization_diagnostics,55,13,grouping|group|log2cpm_q0|log2cpm_q5|log2cpm_q25|log2cpm_q50|log2cpm_q75|log2cpm_q95|log2cpm_q100|mean_log2cpm|sd_log2cpm|n_genes_detected|library_size,,"Per-group log2 CPM quantiles, mean/SD and detected-gene count -- the box/violin summary for spotting a mis-normalised group",2026-10-02T00:04:20+00:00
cortex__v2/14_normalization/distribution_cluster_ClustersSurprise.csv,cortex__v2,14_normalization_diagnostics,950,13,grouping|group|log2cpm_q0|log2cpm_q5|log2cpm_q25|log2cpm_q50|log2cpm_q75|log2cpm_q95|log2cpm_q100|mean_log2cpm|sd_log2cpm|n_genes_detected|library_size,,"Per-group log2 CPM quantiles, mean/SD and detected-gene count -- the box/violin summary for spotting a mis-normalised group",2026-10-02T00:04:24+00:00
cortex__v2/14_normalization/distribution_cluster_leiden_scVI.csv,cortex__v2,14_normalization_diagnostics,13,13,grouping|group|log2cpm_q0|log2cpm_q5|log2cpm_q25|log2cpm_q50|log2cpm_q75|log2cpm_q95|log2cpm_q100|mean_log2cpm|sd_log2cpm|n_genes_detected|library_size,,"Per-group log2 CPM quantiles, mean/SD and detected-gene count -- the box/violin summary for spotting a mis-normalised group",2026-10-02T00:04:24+00:00
cortex__v2/14_normalization/distribution_cluster_louvain.csv,cortex__v2,14_normalization_diagnostics,7,13,grouping|group|log2cpm_q0|log2cpm_q5|log2cpm_q25|log2cpm_q50|log2cpm_q75|log2cpm_q95|log2cpm_q100|mean_log2cpm|sd_log2cpm|n_genes_detected|library_size,,"Per-group log2 CPM quantiles, mean/SD and detected-gene count -- the box/violin summary for spotting a mis-normalised group",2026-10-02T00:04:24+00:00
cortex__v2/14_normalization/distribution_donor.csv,cortex__v2,14_normalization_diagnostics,15,13,grouping|group|log2cpm_q0|log2cpm_q5|log2cpm_q25|log2cpm_q50|log2cpm_q75|log2cpm_q95|log2cpm_q100|mean_log2cpm|sd_log2cpm|n_genes_detected|library_size,,"Per-group log2 CPM quantiles, mean/SD and detected-gene count -- the box/violin summary for spotting a mis-normalised group",2026-10-02T00:04:24+00:00
cortex__v2/14_normalization/distribution_region.csv,cortex__v2,14_normalization_diagnostics,9,13,grouping|group|log2cpm_q0|log2cpm_q5|log2cpm_q25|log2cpm_q50|log2cpm_q75|log2cpm_q95|log2cpm_q100|mean_log2cpm|sd_log2cpm|n_genes_detected|library_size,,"Per-group log2 CPM quantiles, mean/SD and detected-gene count -- the box/violin summary for spotting a mis-normalised group",2026-10-02T00:04:24+00:00
cortex__v2/14_normalization/distribution_sample.csv,cortex__v2,14_normalization_diagnostics,81,13,grouping|group|log2cpm_q0|log2cpm_q5|log2cpm_q25|log2cpm_q50|log2cpm_q75|log2cpm_q95|log2cpm_q100|mean_log2cpm|sd_log2cpm|n_genes_detected|library_size,,"Per-group log2 CPM quantiles, mean/SD and detected-gene count -- the box/violin summary for spotting a mis-normalised group",2026-10-02T00:04:24+00:00
cortex__v2/14_normalization/distribution_subregion.csv,cortex__v2,14_normalization_diagnostics,24,13,grouping|group|log2cpm_q0|log2cpm_q5|log2cpm_q25|log2cpm_q50|log2cpm_q75|log2cpm_q95|log2cpm_q100|mean_log2cpm|sd_log2cpm|n_genes_detected|library_size,,"Per-group log2 CPM quantiles, mean/SD and detected-gene count -- the box/violin summary for spotting a mis-normalised group",2026-10-02T00:04:25+00:00
cortex__v2/14_normalization/ma_diagnostics_age.csv,cortex__v2,14_normalization_diagnostics,13,10,grouping|sample|reference_sample|n_genes_compared|median_M|mean_M|iqr_M|frac_abs_M_gt1|median_A|bias_flag,,MA-plot summary vs the reference library; |median M| > 0.2 is flagged as a global shift CPM will not fix,2026-10-02T00:04:20+00:00
cortex__v2/14_normalization/ma_diagnostics_cell_class.csv,cortex__v2,14_normalization_diagnostics,5,10,grouping|sample|reference_sample|n_genes_compared|median_M|mean_M|iqr_M|frac_abs_M_gt1|median_A|bias_flag,,MA-plot summary vs the reference library; |median M| > 0.2 is flagged as a global shift CPM will not fix,2026-10-02T00:04:20+00:00
cortex__v2/14_normalization/ma_diagnostics_cell_class_x_age.csv,cortex__v2,14_normalization_diagnostics,61,10,grouping|sample|reference_sample|n_genes_compared|median_M|mean_M|iqr_M|frac_abs_M_gt1|median_A|bias_flag,,MA-plot summary vs the reference library; |median M| > 0.2 is flagged as a global shift CPM will not fix,2026-10-02T00:04:20+00:00
cortex__v2/14_normalization/ma_diagnostics_cell_class_x_region.csv,cortex__v2,14_normalization_diagnostics,43,10,grouping|sample|reference_sample|n_genes_compared|median_M|mean_M|iqr_M|frac_abs_M_gt1|median_A|bias_flag,,MA-plot summary vs the reference library; |median M| > 0.2 is flagged as a global shift CPM will not fix,2026-10-02T00:04:20+00:00
cortex__v2/14_normalization/ma_diagnostics_cluster_Clusters.csv,cortex__v2,14_normalization_diagnostics,55,10,grouping|sample|reference_sample|n_genes_compared|median_M|mean_M|iqr_M|frac_abs_M_gt1|median_A|bias_flag,,MA-plot summary vs the reference library; |median M| > 0.2 is flagged as a global shift CPM will not fix,2026-10-02T00:04:24+00:00
cortex__v2/14_normalization/ma_diagnostics_cluster_ClustersModularity.csv,cortex__v2,14_normalization_diagnostics,55,10,grouping|sample|reference_sample|n_genes_compared|median_M|mean_M|iqr_M|frac_abs_M_gt1|median_A|bias_flag,,MA-plot summary vs the reference library; |median M| > 0.2 is flagged as a global shift CPM will not fix,2026-10-02T00:04:20+00:00
cortex__v2/14_normalization/ma_diagnostics_cluster_ClustersSurprise.csv,cortex__v2,14_normalization_diagnostics,950,10,grouping|sample|reference_sample|n_genes_compared|median_M|mean_M|iqr_M|frac_abs_M_gt1|median_A|bias_flag,,MA-plot summary vs the reference library; |median M| > 0.2 is flagged as a global shift CPM will not fix,2026-10-02T00:04:23+00:00
cortex__v2/14_normalization/ma_diagnostics_cluster_leiden_scVI.csv,cortex__v2,14_normalization_diagnostics,13,10,grouping|sample|reference_sample|n_genes_compared|median_M|mean_M|iqr_M|frac_abs_M_gt1|median_A|bias_flag,,MA-plot summary vs the reference library; |median M| > 0.2 is flagged as a global shift CPM will not fix,2026-10-02T00:04:24+00:00
cortex__v2/14_normalization/ma_diagnostics_cluster_louvain.csv,cortex__v2,14_normalization_diagnostics,7,10,grouping|sample|reference_sample|n_genes_compared|median_M|mean_M|iqr_M|frac_abs_M_gt1|median_A|bias_flag,,MA-plot summary vs the reference library; |median M| > 0.2 is flagged as a global shift CPM will not fix,2026-10-02T00:04:24+00:00
cortex__v2/14_normalization/ma_diagnostics_donor.csv,cortex__v2,14_normalization_diagnostics,15,10,grouping|sample|reference_sample|n_genes_compared|median_M|mean_M|iqr_M|frac_abs_M_gt1|median_A|bias_flag,,MA-plot summary vs the reference library; |median M| > 0.2 is flagged as a global shift CPM will not fix,2026-10-02T00:04:24+00:00
cortex__v2/14_normalization/ma_diagnostics_region.csv,cortex__v2,14_normalization_diagnostics,9,10,grouping|sample|reference_sample|n_genes_compared|median_M|mean_M|iqr_M|frac_abs_M_gt1|median_A|bias_flag,,MA-plot summary vs the reference library; |median M| > 0.2 is flagged as a global shift CPM will not fix,2026-10-02T00:04:24+00:00
cortex__v2/14_normalization/ma_diagnostics_sample.csv,cortex__v2,14_normalization_diagnostics,81,10,grouping|sample|reference_sample|n_genes_compared|median_M|mean_M|iqr_M|frac_abs_M_gt1|median_A|bias_flag,,MA-plot summary vs the reference library; |median M| > 0.2 is flagged as a global shift CPM will not fix,2026-10-02T00:04:24+00:00
cortex__v2/14_normalization/ma_diagnostics_subregion.csv,cortex__v2,14_normalization_diagnostics,24,10,grouping|sample|reference_sample|n_genes_compared|median_M|mean_M|iqr_M|frac_abs_M_gt1|median_A|bias_flag,,MA-plot summary vs the reference library; |median M| > 0.2 is flagged as a global shift CPM will not fix,2026-10-02T00:04:24+00:00
cortex__v2/14_normalization/normalization_summary.csv,cortex__v2,14_normalization_diagnostics,13,8,grouping|n_groups|tmm_factor_min|tmm_factor_max|tmm_factor_spread|n_groups_bias_flagged|library_size_min|library_size_max,,Per grouping: spread of TMM factors and how many groups show composition bias. A large spread means CPM alone is unsafe.,2026-10-02T00:04:25+00:00
cortex__v2/14_normalization/tmm_factors_age.csv,cortex__v2,14_normalization_diagnostics,13,8,grouping|sample|library_size|tmm_factor_raw|tmm_factor|effective_library_size|n_genes_used|is_reference,,"TMM scaling factors per group (Robinson & Oshlack): library size, factor, and composition-corrected effective size",2026-10-02T00:04:20+00:00
cortex__v2/14_normalization/tmm_factors_cell_class.csv,cortex__v2,14_normalization_diagnostics,5,8,grouping|sample|library_size|tmm_factor_raw|tmm_factor|effective_library_size|n_genes_used|is_reference,,"TMM scaling factors per group (Robinson & Oshlack): library size, factor, and composition-corrected effective size",2026-10-02T00:04:20+00:00
cortex__v2/14_normalization/tmm_factors_cell_class_x_age.csv,cortex__v2,14_normalization_diagnostics,61,8,grouping|sample|library_size|tmm_factor_raw|tmm_factor|effective_library_size|n_genes_used|is_reference,,"TMM scaling factors per group (Robinson & Oshlack): library size, factor, and composition-corrected effective size",2026-10-02T00:04:20+00:00
cortex__v2/14_normalization/tmm_factors_cell_class_x_region.csv,cortex__v2,14_normalization_diagnostics,43,8,grouping|sample|library_size|tmm_factor_raw|tmm_factor|effective_library_size|n_genes_used|is_reference,,"TMM scaling factors per group (Robinson & Oshlack): library size, factor, and composition-corrected effective size",2026-10-02T00:04:20+00:00
cortex__v2/14_normalization/tmm_factors_cluster_Clusters.csv,cortex__v2,14_normalization_diagnostics,55,8,grouping|sample|library_size|tmm_factor_raw|tmm_factor|effective_library_size|n_genes_used|is_reference,,"TMM scaling factors per group (Robinson & Oshlack): library size, factor, and composition-corrected effective size",2026-10-02T00:04:24+00:00
cortex__v2/14_normalization/tmm_factors_cluster_ClustersModularity.csv,cortex__v2,14_normalization_diagnostics,55,8,grouping|sample|library_size|tmm_factor_raw|tmm_factor|effective_library_size|n_genes_used|is_reference,,"TMM scaling factors per group (Robinson & Oshlack): library size, factor, and composition-corrected effective size",2026-10-02T00:04:20+00:00
cortex__v2/14_normalization/tmm_factors_cluster_ClustersSurprise.csv,cortex__v2,14_normalization_diagnostics,950,8,grouping|sample|library_size|tmm_factor_raw|tmm_factor|effective_library_size|n_genes_used|is_reference,,"TMM scaling factors per group (Robinson & Oshlack): library size, factor, and composition-corrected effective size",2026-10-02T00:04:22+00:00
cortex__v2/14_normalization/tmm_factors_cluster_leiden_scVI.csv,cortex__v2,14_normalization_diagnostics,13,8,grouping|sample|library_size|tmm_factor_raw|tmm_factor|effective_library_size|n_genes_used|is_reference,,"TMM scaling factors per group (Robinson & Oshlack): library size, factor, and composition-corrected effective size",2026-10-02T00:04:24+00:00
cortex__v2/14_normalization/tmm_factors_cluster_louvain.csv,cortex__v2,14_normalization_diagnostics,7,8,grouping|sample|library_size|tmm_factor_raw|tmm_factor|effective_library_size|n_genes_used|is_reference,,"TMM scaling factors per group (Robinson & Oshlack): library size, factor, and composition-corrected effective size",2026-10-02T00:04:24+00:00
cortex__v2/14_normalization/tmm_factors_donor.csv,cortex__v2,14_normalization_diagnostics,15,8,grouping|sample|library_size|tmm_factor_raw|tmm_factor|effective_library_size|n_genes_used|is_reference,,"TMM scaling factors per group (Robinson & Oshlack): library size, factor, and composition-corrected effective size",2026-10-02T00:04:24+00:00
cortex__v2/14_normalization/tmm_factors_region.csv,cortex__v2,14_normalization_diagnostics,9,8,grouping|sample|library_size|tmm_factor_raw|tmm_factor|effective_library_size|n_genes_used|is_reference,,"TMM scaling factors per group (Robinson & Oshlack): library size, factor, and composition-corrected effective size",2026-10-02T00:04:24+00:00
cortex__v2/14_normalization/tmm_factors_sample.csv,cortex__v2,14_normalization_diagnostics,81,8,grouping|sample|library_size|tmm_factor_raw|tmm_factor|effective_library_size|n_genes_used|is_reference,,"TMM scaling factors per group (Robinson & Oshlack): library size, factor, and composition-corrected effective size",2026-10-02T00:04:24+00:00
cortex__v2/14_normalization/tmm_factors_subregion.csv,cortex__v2,14_normalization_diagnostics,24,8,grouping|sample|library_size|tmm_factor_raw|tmm_factor|effective_library_size|n_genes_used|is_reference,,"TMM scaling factors per group (Robinson & Oshlack): library size, factor, and composition-corrected effective size",2026-10-02T00:04:24+00:00
cortex__v2/15_relationships/clusters_age.csv,cortex__v2,15_sample_relationships,13,9,grouping|label|cluster_k2|cluster_k3|cluster_k4|cluster_k5|cluster_k6|cluster_k8|cluster_k10,,Average-linkage cluster membership of age groups at several cut levels,2026-10-02T00:04:44+00:00
cortex__v2/15_relationships/clusters_cell_class.csv,cortex__v2,15_sample_relationships,5,6,grouping|label|cluster_k2|cluster_k3|cluster_k4|cluster_k5,,Average-linkage cluster membership of cell_class groups at several cut levels,2026-10-02T00:04:44+00:00
cortex__v2/15_relationships/clusters_cell_class_x_age.csv,cortex__v2,15_sample_relationships,61,9,grouping|label|cluster_k2|cluster_k3|cluster_k4|cluster_k5|cluster_k6|cluster_k8|cluster_k10,,Average-linkage cluster membership of cell_class_x_age groups at several cut levels,2026-10-02T00:04:44+00:00
cortex__v2/15_relationships/clusters_cell_class_x_region.csv,cortex__v2,15_sample_relationships,43,9,grouping|label|cluster_k2|cluster_k3|cluster_k4|cluster_k5|cluster_k6|cluster_k8|cluster_k10,,Average-linkage cluster membership of cell_class_x_region groups at several cut levels,2026-10-02T00:04:44+00:00
cortex__v2/15_relationships/clusters_cluster_Clusters.csv,cortex__v2,15_sample_relationships,55,9,grouping|label|cluster_k2|cluster_k3|cluster_k4|cluster_k5|cluster_k6|cluster_k8|cluster_k10,,Average-linkage cluster membership of cluster_Clusters groups at several cut levels,2026-10-02T00:04:45+00:00
cortex__v2/15_relationships/clusters_cluster_ClustersModularity.csv,cortex__v2,15_sample_relationships,55,9,grouping|label|cluster_k2|cluster_k3|cluster_k4|cluster_k5|cluster_k6|cluster_k8|cluster_k10,,Average-linkage cluster membership of cluster_ClustersModularity groups at several cut levels,2026-10-02T00:04:44+00:00
cortex__v2/15_relationships/clusters_cluster_leiden_scVI.csv,cortex__v2,15_sample_relationships,13,9,grouping|label|cluster_k2|cluster_k3|cluster_k4|cluster_k5|cluster_k6|cluster_k8|cluster_k10,,Average-linkage cluster membership of cluster_leiden_scVI groups at several cut levels,2026-10-02T00:04:46+00:00
cortex__v2/15_relationships/clusters_cluster_louvain.csv,cortex__v2,15_sample_relationships,7,7,grouping|label|cluster_k2|cluster_k3|cluster_k4|cluster_k5|cluster_k6,,Average-linkage cluster membership of cluster_louvain groups at several cut levels,2026-10-02T00:04:46+00:00
cortex__v2/15_relationships/clusters_donor.csv,cortex__v2,15_sample_relationships,15,9,grouping|label|cluster_k2|cluster_k3|cluster_k4|cluster_k5|cluster_k6|cluster_k8|cluster_k10,,Average-linkage cluster membership of donor groups at several cut levels,2026-10-02T00:04:46+00:00
cortex__v2/15_relationships/clusters_region.csv,cortex__v2,15_sample_relationships,9,8,grouping|label|cluster_k2|cluster_k3|cluster_k4|cluster_k5|cluster_k6|cluster_k8,,Average-linkage cluster membership of region groups at several cut levels,2026-10-02T00:04:46+00:00
cortex__v2/15_relationships/clusters_sample.csv,cortex__v2,15_sample_relationships,81,9,grouping|label|cluster_k2|cluster_k3|cluster_k4|cluster_k5|cluster_k6|cluster_k8|cluster_k10,,Average-linkage cluster membership of sample groups at several cut levels,2026-10-02T00:04:46+00:00
cortex__v2/15_relationships/clusters_subregion.csv,cortex__v2,15_sample_relationships,24,9,grouping|label|cluster_k2|cluster_k3|cluster_k4|cluster_k5|cluster_k6|cluster_k8|cluster_k10,,Average-linkage cluster membership of subregion groups at several cut levels,2026-10-02T00:04:46+00:00
cortex__v2/15_relationships/correlation_age_pearson.csv,cortex__v2,15_sample_relationships,13,14,group|10.0|11.5|12.0|13.25|14.0|5.0|5.5|6.9|7.5|8.0|8.5|9.2|9.5,,Pearson correlation between age groups over the top 2000 variable genes,2026-10-02T00:04:43+00:00
cortex__v2/15_relationships/correlation_age_spearman.csv,cortex__v2,15_sample_relationships,13,14,group|10.0|11.5|12.0|13.25|14.0|5.0|5.5|6.9|7.5|8.0|8.5|9.2|9.5,,Spearman correlation between age groups over the top 2000 variable genes,2026-10-02T00:04:43+00:00
cortex__v2/15_relationships/correlation_cell_class_pearson.csv,cortex__v2,15_sample_relationships,5,6,group|Glioblast|Neuroblast|Neuron|Neuronal IPC|Radial glia,,Pearson correlation between cell_class groups over the top 2000 variable genes,2026-10-02T00:04:44+00:00
cortex__v2/15_relationships/correlation_cell_class_spearman.csv,cortex__v2,15_sample_relationships,5,6,group|Glioblast|Neuroblast|Neuron|Neuronal IPC|Radial glia,,Spearman correlation between cell_class groups over the top 2000 variable genes,2026-10-02T00:04:44+00:00
cortex__v2/15_relationships/correlation_cell_class_x_age_pearson.csv,cortex__v2,15_sample_relationships,61,62,group|Glioblast | 10.0|Glioblast | 11.5|Glioblast | 12.0|Glioblast | 13.25|Glioblast | 14.0|Glioblast | 6.9|Glioblast | 7.5|Glioblast | 8.0|Glioblast | 8.5|Glioblast | 9.2|Glioblast | 9.5|Neuroblast | 10.0|Neuroblast | 11.5|Neuroblast | 12.0|Neuroblast | 13.25|Neuroblast | 14.0|Neuroblast | 5.0|Neuroblast | 5.5|Neuroblast | 6.9|Neuroblast | 7.5|Neuroblast | 8.0|Neuroblast | 8.5|Neuroblast | 9.2|Neuroblast | 9.5|Neuron | 10.0|Neuron | 11.5|Neuron | 12.0|Neuron | 13.25|Neuron | 14.0|Neuron | 6.9|Neuron | 7.5|Neuron | 8.0|Neuron | 8.5|Neuron | 9.2|Neuron | 9.5|Neuronal IPC | 10.0|Neuronal IPC | 11.5|Neuronal IPC | 12.0|Neuronal IPC | 13.25,,Pearson correlation between cell_class_x_age groups over the top 2000 variable genes,2026-10-02T00:04:44+00:00
cortex__v2/15_relationships/correlation_cell_class_x_age_spearman.csv,cortex__v2,15_sample_relationships,61,62,group|Glioblast | 10.0|Glioblast | 11.5|Glioblast | 12.0|Glioblast | 13.25|Glioblast | 14.0|Glioblast | 6.9|Glioblast | 7.5|Glioblast | 8.0|Glioblast | 8.5|Glioblast | 9.2|Glioblast | 9.5|Neuroblast | 10.0|Neuroblast | 11.5|Neuroblast | 12.0|Neuroblast | 13.25|Neuroblast | 14.0|Neuroblast | 5.0|Neuroblast | 5.5|Neuroblast | 6.9|Neuroblast | 7.5|Neuroblast | 8.0|Neuroblast | 8.5|Neuroblast | 9.2|Neuroblast | 9.5|Neuron | 10.0|Neuron | 11.5|Neuron | 12.0|Neuron | 13.25|Neuron | 14.0|Neuron | 6.9|Neuron | 7.5|Neuron | 8.0|Neuron | 8.5|Neuron | 9.2|Neuron | 9.5|Neuronal IPC | 10.0|Neuronal IPC | 11.5|Neuronal IPC | 12.0|Neuronal IPC | 13.25,,Spearman correlation between cell_class_x_age groups over the top 2000 variable genes,2026-10-02T00:04:44+00:00
cortex__v2/15_relationships/correlation_cell_class_x_region_pearson.csv,cortex__v2,15_sample_relationships,43,44,group|Glioblast | Cortex|Glioblast | Enthorinal cortex|Glioblast | Forebrain|Glioblast | Forebrain cortex|Glioblast | Frontotemporal cortex|Glioblast | Lower cortex|Glioblast | Occipital cortex|Glioblast | Upper cortex|Neuroblast | Cortex|Neuroblast | Cortical hem|Neuroblast | Enthorinal cortex|Neuroblast | Forebrain|Neuroblast | Forebrain cortex|Neuroblast | Frontotemporal cortex|Neuroblast | Lower cortex|Neuroblast | Occipital cortex|Neuroblast | Upper cortex|Neuron | Cortex|Neuron | Enthorinal cortex|Neuron | Forebrain|Neuron | Forebrain cortex|Neuron | Frontotemporal cortex|Neuron | Lower cortex|Neuron | Occipital cortex|Neuron | Upper cortex|Neuronal IPC | Cortex|Neuronal IPC | Cortical hem|Neuronal IPC | Enthorinal cortex|Neuronal IPC | Forebrain|Neuronal IPC | Forebrain cortex|Neuronal IPC | Frontotemporal cortex|Neuronal IPC | Lower cortex|Neuronal IPC | Occipital cortex|Neuronal IPC | Upper cortex|Radial glia | Cortex|Radial glia | Cortical hem|Radial glia | Enthorinal cortex|Radial glia | Forebrain|Radial glia | Forebrain cortex,,Pearson correlation between cell_class_x_region groups over the top 2000 variable genes,2026-10-02T00:04:44+00:00
cortex__v2/15_relationships/correlation_cell_class_x_region_spearman.csv,cortex__v2,15_sample_relationships,43,44,group|Glioblast | Cortex|Glioblast | Enthorinal cortex|Glioblast | Forebrain|Glioblast | Forebrain cortex|Glioblast | Frontotemporal cortex|Glioblast | Lower cortex|Glioblast | Occipital cortex|Glioblast | Upper cortex|Neuroblast | Cortex|Neuroblast | Cortical hem|Neuroblast | Enthorinal cortex|Neuroblast | Forebrain|Neuroblast | Forebrain cortex|Neuroblast | Frontotemporal cortex|Neuroblast | Lower cortex|Neuroblast | Occipital cortex|Neuroblast | Upper cortex|Neuron | Cortex|Neuron | Enthorinal cortex|Neuron | Forebrain|Neuron | Forebrain cortex|Neuron | Frontotemporal cortex|Neuron | Lower cortex|Neuron | Occipital cortex|Neuron | Upper cortex|Neuronal IPC | Cortex|Neuronal IPC | Cortical hem|Neuronal IPC | Enthorinal cortex|Neuronal IPC | Forebrain|Neuronal IPC | Forebrain cortex|Neuronal IPC | Frontotemporal cortex|Neuronal IPC | Lower cortex|Neuronal IPC | Occipital cortex|Neuronal IPC | Upper cortex|Radial glia | Cortex|Radial glia | Cortical hem|Radial glia | Enthorinal cortex|Radial glia | Forebrain|Radial glia | Forebrain cortex,,Spearman correlation between cell_class_x_region groups over the top 2000 variable genes,2026-10-02T00:04:44+00:00
cortex__v2/15_relationships/correlation_cluster_ClustersModularity_pearson.csv,cortex__v2,15_sample_relationships,55,56,group|0|1|2|3|4|5|6|7|8|9|10|11|12|13|14|15|16|17|18|19|20|21|22|23|24|25|26|27|28|29|30|31|32|33|34|35|36|37|38,,Pearson correlation between cluster_ClustersModularity groups over the top 2000 variable genes,2026-10-02T00:04:44+00:00
cortex__v2/15_relationships/correlation_cluster_ClustersModularity_spearman.csv,cortex__v2,15_sample_relationships,55,56,group|0|1|2|3|4|5|6|7|8|9|10|11|12|13|14|15|16|17|18|19|20|21|22|23|24|25|26|27|28|29|30|31|32|33|34|35|36|37|38,,Spearman correlation between cluster_ClustersModularity groups over the top 2000 variable genes,2026-10-02T00:04:44+00:00
cortex__v2/15_relationships/correlation_cluster_Clusters_pearson.csv,cortex__v2,15_sample_relationships,55,56,group|0|1|2|3|4|5|6|7|8|9|10|11|12|13|14|15|16|17|18|19|20|21|22|23|24|25|26|27|28|29|30|31|32|33|34|35|36|37|38,,Pearson correlation between cluster_Clusters groups over the top 2000 variable genes,2026-10-02T00:04:45+00:00
cortex__v2/15_relationships/correlation_cluster_Clusters_spearman.csv,cortex__v2,15_sample_relationships,55,56,group|0|1|2|3|4|5|6|7|8|9|10|11|12|13|14|15|16|17|18|19|20|21|22|23|24|25|26|27|28|29|30|31|32|33|34|35|36|37|38,,Spearman correlation between cluster_Clusters groups over the top 2000 variable genes,2026-10-02T00:04:45+00:00
cortex__v2/15_relationships/correlation_cluster_leiden_scVI_pearson.csv,cortex__v2,15_sample_relationships,13,14,group|0|1|10|11|12|2|3|4|5|6|7|8|9,,Pearson correlation between cluster_leiden_scVI groups over the top 2000 variable genes,2026-10-02T00:04:46+00:00
cortex__v2/15_relationships/correlation_cluster_leiden_scVI_spearman.csv,cortex__v2,15_sample_relationships,13,14,group|0|1|10|11|12|2|3|4|5|6|7|8|9,,Spearman correlation between cluster_leiden_scVI groups over the top 2000 variable genes,2026-10-02T00:04:46+00:00
cortex__v2/15_relationships/correlation_cluster_louvain_pearson.csv,cortex__v2,15_sample_relationships,7,8,group|0|1|2|3|4|5|6,,Pearson correlation between cluster_louvain groups over the top 2000 variable genes,2026-10-02T00:04:46+00:00
cortex__v2/15_relationships/correlation_cluster_louvain_spearman.csv,cortex__v2,15_sample_relationships,7,8,group|0|1|2|3|4|5|6,,Spearman correlation between cluster_louvain groups over the top 2000 variable genes,2026-10-02T00:04:46+00:00
cortex__v2/15_relationships/correlation_donor_pearson.csv,cortex__v2,15_sample_relationships,15,16,group|BRC2006|BRC2061|BRC2114|BRC2191|XDD:348|XDD:351|XDD:358|XDD:359|XDD:3766:313|XDD:385|XDD:400|XHU:0542:305|XHU:1405:297|XHU:1966:307|XHU:4901:292,,Pearson correlation between donor groups over the top 2000 variable genes,2026-10-02T00:04:46+00:00
cortex__v2/15_relationships/correlation_donor_spearman.csv,cortex__v2,15_sample_relationships,15,16,group|BRC2006|BRC2061|BRC2114|BRC2191|XDD:348|XDD:351|XDD:358|XDD:359|XDD:3766:313|XDD:385|XDD:400|XHU:0542:305|XHU:1405:297|XHU:1966:307|XHU:4901:292,,Spearman correlation between donor groups over the top 2000 variable genes,2026-10-02T00:04:46+00:00
cortex__v2/15_relationships/correlation_region_pearson.csv,cortex__v2,15_sample_relationships,9,10,group|Cortex|Cortical hem|Enthorinal cortex|Forebrain|Forebrain cortex|Frontotemporal cortex|Lower cortex|Occipital cortex|Upper cortex,,Pearson correlation between region groups over the top 2000 variable genes,2026-10-02T00:04:46+00:00
cortex__v2/15_relationships/correlation_region_spearman.csv,cortex__v2,15_sample_relationships,9,10,group|Cortex|Cortical hem|Enthorinal cortex|Forebrain|Forebrain cortex|Frontotemporal cortex|Lower cortex|Occipital cortex|Upper cortex,,Spearman correlation between region groups over the top 2000 variable genes,2026-10-02T00:04:46+00:00
cortex__v2/15_relationships/correlation_sample_pearson.csv,cortex__v2,15_sample_relationships,81,82,group|10X101_1|10X101_2|10X101_3|10X101_4|10X101_5|10X101_6|10X101_7|10X101_8|10X102_2|10X102_3|10X102_4|10X102_5|10X102_6|10X102_7|10X102_8|10X111_1|10X111_2|10X112_1|10X112_2|10X114_1|10X114_3|10X114_4|10X115_1|10X115_2|10X115_3|10X115_5|10X115_6|10X124_3|10X124_4|10X125_3|10X125_4|10X132_1|10X132_2|10X132_3|10X132_4|10X132_5|10X132_6|10X132_7|10X132_8,,Pearson correlation between sample groups over the top 2000 variable genes,2026-10-02T00:04:46+00:00
cortex__v2/15_relationships/correlation_sample_spearman.csv,cortex__v2,15_sample_relationships,81,82,group|10X101_1|10X101_2|10X101_3|10X101_4|10X101_5|10X101_6|10X101_7|10X101_8|10X102_2|10X102_3|10X102_4|10X102_5|10X102_6|10X102_7|10X102_8|10X111_1|10X111_2|10X112_1|10X112_2|10X114_1|10X114_3|10X114_4|10X115_1|10X115_2|10X115_3|10X115_5|10X115_6|10X124_3|10X124_4|10X125_3|10X125_4|10X132_1|10X132_2|10X132_3|10X132_4|10X132_5|10X132_6|10X132_7|10X132_8,,Spearman correlation between sample groups over the top 2000 variable genes,2026-10-02T00:04:46+00:00
cortex__v2/15_relationships/correlation_subregion_pearson.csv,cortex__v2,15_sample_relationships,24,25,group|BRC2006_Cortex|BRC2061_Cortex|BRC2114_Cortex|BRC2191_Cortex|BRC2191_Cortical_hem|XDD:348_Forebrain|XDD:351_Cortex|XDD:351_Enthorinal_cortex|XDD:358_Frontotemporal_cortex|XDD:358_Lower_cortex|XDD:358_Occipital_cortex|XDD:358_Upper_cortex|XDD:359_Frontotemporal_cortex|XDD:359_Lower_cortex|XDD:359_Occipital_cortex|XDD:3766:313_Forebrain|XDD:385_Cortex|XDD:400_Forebrain|XHU:0542:305_Forebrain|XHU:1405:297_Cortex|XHU:1405:297_Forebrain|XHU:1966:307_Cortex|XHU:1966:307_Forebrain|XHU:4901:292_Forebrain_cortex,,Pearson correlation between subregion groups over the top 2000 variable genes,2026-10-02T00:04:46+00:00
cortex__v2/15_relationships/correlation_subregion_spearman.csv,cortex__v2,15_sample_relationships,24,25,group|BRC2006_Cortex|BRC2061_Cortex|BRC2114_Cortex|BRC2191_Cortex|BRC2191_Cortical_hem|XDD:348_Forebrain|XDD:351_Cortex|XDD:351_Enthorinal_cortex|XDD:358_Frontotemporal_cortex|XDD:358_Lower_cortex|XDD:358_Occipital_cortex|XDD:358_Upper_cortex|XDD:359_Frontotemporal_cortex|XDD:359_Lower_cortex|XDD:359_Occipital_cortex|XDD:3766:313_Forebrain|XDD:385_Cortex|XDD:400_Forebrain|XHU:0542:305_Forebrain|XHU:1405:297_Cortex|XHU:1405:297_Forebrain|XHU:1966:307_Cortex|XHU:1966:307_Forebrain|XHU:4901:292_Forebrain_cortex,,Spearman correlation between subregion groups over the top 2000 variable genes,2026-10-02T00:04:46+00:00
cortex__v2/15_relationships/linkage_age_average.csv,cortex__v2,15_sample_relationships,12,8,linkage|merge_step|child_a|child_b|distance|n_in_cluster|child_a_label|child_b_label,,"average linkage merge order and heights for age (dendrogram, leaves 0..n-1 index the labels)",2026-10-02T00:04:44+00:00
cortex__v2/15_relationships/linkage_age_complete.csv,cortex__v2,15_sample_relationships,12,8,linkage|merge_step|child_a|child_b|distance|n_in_cluster|child_a_label|child_b_label,,"complete linkage merge order and heights for age (dendrogram, leaves 0..n-1 index the labels)",2026-10-02T00:04:44+00:00
cortex__v2/15_relationships/linkage_age_single.csv,cortex__v2,15_sample_relationships,12,8,linkage|merge_step|child_a|child_b|distance|n_in_cluster|child_a_label|child_b_label,,"single linkage merge order and heights for age (dendrogram, leaves 0..n-1 index the labels)",2026-10-02T00:04:44+00:00
cortex__v2/15_relationships/linkage_cell_class_average.csv,cortex__v2,15_sample_relationships,4,8,linkage|merge_step|child_a|child_b|distance|n_in_cluster|child_a_label|child_b_label,,"average linkage merge order and heights for cell_class (dendrogram, leaves 0..n-1 index the labels)",2026-10-02T00:04:44+00:00
cortex__v2/15_relationships/linkage_cell_class_complete.csv,cortex__v2,15_sample_relationships,4,8,linkage|merge_step|child_a|child_b|distance|n_in_cluster|child_a_label|child_b_label,,"complete linkage merge order and heights for cell_class (dendrogram, leaves 0..n-1 index the labels)",2026-10-02T00:04:44+00:00
cortex__v2/15_relationships/linkage_cell_class_single.csv,cortex__v2,15_sample_relationships,4,8,linkage|merge_step|child_a|child_b|distance|n_in_cluster|child_a_label|child_b_label,,"single linkage merge order and heights for cell_class (dendrogram, leaves 0..n-1 index the labels)",2026-10-02T00:04:44+00:00
cortex__v2/15_relationships/linkage_cell_class_x_age_average.csv,cortex__v2,15_sample_relationships,60,8,linkage|merge_step|child_a|child_b|distance|n_in_cluster|child_a_label|child_b_label,,"average linkage merge order and heights for cell_class_x_age (dendrogram, leaves 0..n-1 index the labels)",2026-10-02T00:04:44+00:00
cortex__v2/15_relationships/linkage_cell_class_x_age_complete.csv,cortex__v2,15_sample_relationships,60,8,linkage|merge_step|child_a|child_b|distance|n_in_cluster|child_a_label|child_b_label,,"complete linkage merge order and heights for cell_class_x_age (dendrogram, leaves 0..n-1 index the labels)",2026-10-02T00:04:44+00:00
cortex__v2/15_relationships/linkage_cell_class_x_age_single.csv,cortex__v2,15_sample_relationships,60,8,linkage|merge_step|child_a|child_b|distance|n_in_cluster|child_a_label|child_b_label,,"single linkage merge order and heights for cell_class_x_age (dendrogram, leaves 0..n-1 index the labels)",2026-10-02T00:04:44+00:00
cortex__v2/15_relationships/linkage_cell_class_x_region_average.csv,cortex__v2,15_sample_relationships,42,8,linkage|merge_step|child_a|child_b|distance|n_in_cluster|child_a_label|child_b_label,,"average linkage merge order and heights for cell_class_x_region (dendrogram, leaves 0..n-1 index the labels)",2026-10-02T00:04:44+00:00
cortex__v2/15_relationships/linkage_cell_class_x_region_complete.csv,cortex__v2,15_sample_relationships,42,8,linkage|merge_step|child_a|child_b|distance|n_in_cluster|child_a_label|child_b_label,,"complete linkage merge order and heights for cell_class_x_region (dendrogram, leaves 0..n-1 index the labels)",2026-10-02T00:04:44+00:00
cortex__v2/15_relationships/linkage_cell_class_x_region_single.csv,cortex__v2,15_sample_relationships,42,8,linkage|merge_step|child_a|child_b|distance|n_in_cluster|child_a_label|child_b_label,,"single linkage merge order and heights for cell_class_x_region (dendrogram, leaves 0..n-1 index the labels)",2026-10-02T00:04:44+00:00
cortex__v2/15_relationships/linkage_cluster_ClustersModularity_average.csv,cortex__v2,15_sample_relationships,54,8,linkage|merge_step|child_a|child_b|distance|n_in_cluster|child_a_label|child_b_label,,"average linkage merge order and heights for cluster_ClustersModularity (dendrogram, leaves 0..n-1 index the labels)",2026-10-02T00:04:44+00:00
cortex__v2/15_relationships/linkage_cluster_ClustersModularity_complete.csv,cortex__v2,15_sample_relationships,54,8,linkage|merge_step|child_a|child_b|distance|n_in_cluster|child_a_label|child_b_label,,"complete linkage merge order and heights for cluster_ClustersModularity (dendrogram, leaves 0..n-1 index the labels)",2026-10-02T00:04:44+00:00
cortex__v2/15_relationships/linkage_cluster_ClustersModularity_single.csv,cortex__v2,15_sample_relationships,54,8,linkage|merge_step|child_a|child_b|distance|n_in_cluster|child_a_label|child_b_label,,"single linkage merge order and heights for cluster_ClustersModularity (dendrogram, leaves 0..n-1 index the labels)",2026-10-02T00:04:44+00:00
cortex__v2/15_relationships/linkage_cluster_Clusters_average.csv,cortex__v2,15_sample_relationships,54,8,linkage|merge_step|child_a|child_b|distance|n_in_cluster|child_a_label|child_b_label,,"average linkage merge order and heights for cluster_Clusters (dendrogram, leaves 0..n-1 index the labels)",2026-10-02T00:04:45+00:00
cortex__v2/15_relationships/linkage_cluster_Clusters_complete.csv,cortex__v2,15_sample_relationships,54,8,linkage|merge_step|child_a|child_b|distance|n_in_cluster|child_a_label|child_b_label,,"complete linkage merge order and heights for cluster_Clusters (dendrogram, leaves 0..n-1 index the labels)",2026-10-02T00:04:45+00:00
cortex__v2/15_relationships/linkage_cluster_Clusters_single.csv,cortex__v2,15_sample_relationships,54,8,linkage|merge_step|child_a|child_b|distance|n_in_cluster|child_a_label|child_b_label,,"single linkage merge order and heights for cluster_Clusters (dendrogram, leaves 0..n-1 index the labels)",2026-10-02T00:04:45+00:00
cortex__v2/15_relationships/linkage_cluster_leiden_scVI_average.csv,cortex__v2,15_sample_relationships,12,8,linkage|merge_step|child_a|child_b|distance|n_in_cluster|child_a_label|child_b_label,,"average linkage merge order and heights for cluster_leiden_scVI (dendrogram, leaves 0..n-1 index the labels)",2026-10-02T00:04:46+00:00
cortex__v2/15_relationships/linkage_cluster_leiden_scVI_complete.csv,cortex__v2,15_sample_relationships,12,8,linkage|merge_step|child_a|child_b|distance|n_in_cluster|child_a_label|child_b_label,,"complete linkage merge order and heights for cluster_leiden_scVI (dendrogram, leaves 0..n-1 index the labels)",2026-10-02T00:04:46+00:00
cortex__v2/15_relationships/linkage_cluster_leiden_scVI_single.csv,cortex__v2,15_sample_relationships,12,8,linkage|merge_step|child_a|child_b|distance|n_in_cluster|child_a_label|child_b_label,,"single linkage merge order and heights for cluster_leiden_scVI (dendrogram, leaves 0..n-1 index the labels)",2026-10-02T00:04:46+00:00
cortex__v2/15_relationships/linkage_cluster_louvain_average.csv,cortex__v2,15_sample_relationships,6,8,linkage|merge_step|child_a|child_b|distance|n_in_cluster|child_a_label|child_b_label,,"average linkage merge order and heights for cluster_louvain (dendrogram, leaves 0..n-1 index the labels)",2026-10-02T00:04:46+00:00
cortex__v2/15_relationships/linkage_cluster_louvain_complete.csv,cortex__v2,15_sample_relationships,6,8,linkage|merge_step|child_a|child_b|distance|n_in_cluster|child_a_label|child_b_label,,"complete linkage merge order and heights for cluster_louvain (dendrogram, leaves 0..n-1 index the labels)",2026-10-02T00:04:46+00:00
cortex__v2/15_relationships/linkage_cluster_louvain_single.csv,cortex__v2,15_sample_relationships,6,8,linkage|merge_step|child_a|child_b|distance|n_in_cluster|child_a_label|child_b_label,,"single linkage merge order and heights for cluster_louvain (dendrogram, leaves 0..n-1 index the labels)",2026-10-02T00:04:46+00:00
cortex__v2/15_relationships/linkage_donor_average.csv,cortex__v2,15_sample_relationships,14,8,linkage|merge_step|child_a|child_b|distance|n_in_cluster|child_a_label|child_b_label,,"average linkage merge order and heights for donor (dendrogram, leaves 0..n-1 index the labels)",2026-10-02T00:04:46+00:00
cortex__v2/15_relationships/linkage_donor_complete.csv,cortex__v2,15_sample_relationships,14,8,linkage|merge_step|child_a|child_b|distance|n_in_cluster|child_a_label|child_b_label,,"complete linkage merge order and heights for donor (dendrogram, leaves 0..n-1 index the labels)",2026-10-02T00:04:46+00:00
cortex__v2/15_relationships/linkage_donor_single.csv,cortex__v2,15_sample_relationships,14,8,linkage|merge_step|child_a|child_b|distance|n_in_cluster|child_a_label|child_b_label,,"single linkage merge order and heights for donor (dendrogram, leaves 0..n-1 index the labels)",2026-10-02T00:04:46+00:00
cortex__v2/15_relationships/linkage_region_average.csv,cortex__v2,15_sample_relationships,8,8,linkage|merge_step|child_a|child_b|distance|n_in_cluster|child_a_label|child_b_label,,"average linkage merge order and heights for region (dendrogram, leaves 0..n-1 index the labels)",2026-10-02T00:04:46+00:00
cortex__v2/15_relationships/linkage_region_complete.csv,cortex__v2,15_sample_relationships,8,8,linkage|merge_step|child_a|child_b|distance|n_in_cluster|child_a_label|child_b_label,,"complete linkage merge order and heights for region (dendrogram, leaves 0..n-1 index the labels)",2026-10-02T00:04:46+00:00
cortex__v2/15_relationships/linkage_region_single.csv,cortex__v2,15_sample_relationships,8,8,linkage|merge_step|child_a|child_b|distance|n_in_cluster|child_a_label|child_b_label,,"single linkage merge order and heights for region (dendrogram, leaves 0..n-1 index the labels)",2026-10-02T00:04:46+00:00
cortex__v2/15_relationships/linkage_sample_average.csv,cortex__v2,15_sample_relationships,80,8,linkage|merge_step|child_a|child_b|distance|n_in_cluster|child_a_label|child_b_label,,"average linkage merge order and heights for sample (dendrogram, leaves 0..n-1 index the labels)",2026-10-02T00:04:46+00:00
cortex__v2/15_relationships/linkage_sample_complete.csv,cortex__v2,15_sample_relationships,80,8,linkage|merge_step|child_a|child_b|distance|n_in_cluster|child_a_label|child_b_label,,"complete linkage merge order and heights for sample (dendrogram, leaves 0..n-1 index the labels)",2026-10-02T00:04:46+00:00
cortex__v2/15_relationships/linkage_sample_single.csv,cortex__v2,15_sample_relationships,80,8,linkage|merge_step|child_a|child_b|distance|n_in_cluster|child_a_label|child_b_label,,"single linkage merge order and heights for sample (dendrogram, leaves 0..n-1 index the labels)",2026-10-02T00:04:46+00:00
cortex__v2/15_relationships/linkage_subregion_average.csv,cortex__v2,15_sample_relationships,23,8,linkage|merge_step|child_a|child_b|distance|n_in_cluster|child_a_label|child_b_label,,"average linkage merge order and heights for subregion (dendrogram, leaves 0..n-1 index the labels)",2026-10-02T00:04:46+00:00
cortex__v2/15_relationships/linkage_subregion_complete.csv,cortex__v2,15_sample_relationships,23,8,linkage|merge_step|child_a|child_b|distance|n_in_cluster|child_a_label|child_b_label,,"complete linkage merge order and heights for subregion (dendrogram, leaves 0..n-1 index the labels)",2026-10-02T00:04:46+00:00
cortex__v2/15_relationships/linkage_subregion_single.csv,cortex__v2,15_sample_relationships,23,8,linkage|merge_step|child_a|child_b|distance|n_in_cluster|child_a_label|child_b_label,,"single linkage merge order and heights for subregion (dendrogram, leaves 0..n-1 index the labels)",2026-10-02T00:04:46+00:00
cortex__v2/15_relationships/pca_loadings_age.csv,cortex__v2,15_sample_relationships,1000,11,gene|PC1|PC2|PC3|PC4|PC5|PC6|PC7|PC8|PC9|PC10,,Gene loadings on each PC of age (top 1000 by |loading|) -- which genes drive each axis,2026-10-02T00:04:44+00:00
cortex__v2/15_relationships/pca_loadings_cell_class.csv,cortex__v2,15_sample_relationships,1000,6,gene|PC1|PC2|PC3|PC4|PC5,,Gene loadings on each PC of cell_class (top 1000 by |loading|) -- which genes drive each axis,2026-10-02T00:04:44+00:00
cortex__v2/15_relationships/pca_loadings_cell_class_x_age.csv,cortex__v2,15_sample_relationships,1000,11,gene|PC1|PC2|PC3|PC4|PC5|PC6|PC7|PC8|PC9|PC10,,Gene loadings on each PC of cell_class_x_age (top 1000 by |loading|) -- which genes drive each axis,2026-10-02T00:04:44+00:00
cortex__v2/15_relationships/pca_loadings_cell_class_x_region.csv,cortex__v2,15_sample_relationships,1000,11,gene|PC1|PC2|PC3|PC4|PC5|PC6|PC7|PC8|PC9|PC10,,Gene loadings on each PC of cell_class_x_region (top 1000 by |loading|) -- which genes drive each axis,2026-10-02T00:04:44+00:00
cortex__v2/15_relationships/pca_loadings_cluster_Clusters.csv,cortex__v2,15_sample_relationships,1000,11,gene|PC1|PC2|PC3|PC4|PC5|PC6|PC7|PC8|PC9|PC10,,Gene loadings on each PC of cluster_Clusters (top 1000 by |loading|) -- which genes drive each axis,2026-10-02T00:04:45+00:00
cortex__v2/15_relationships/pca_loadings_cluster_ClustersModularity.csv,cortex__v2,15_sample_relationships,1000,11,gene|PC1|PC2|PC3|PC4|PC5|PC6|PC7|PC8|PC9|PC10,,Gene loadings on each PC of cluster_ClustersModularity (top 1000 by |loading|) -- which genes drive each axis,2026-10-02T00:04:44+00:00
cortex__v2/15_relationships/pca_loadings_cluster_leiden_scVI.csv,cortex__v2,15_sample_relationships,1000,11,gene|PC1|PC2|PC3|PC4|PC5|PC6|PC7|PC8|PC9|PC10,,Gene loadings on each PC of cluster_leiden_scVI (top 1000 by |loading|) -- which genes drive each axis,2026-10-02T00:04:46+00:00
cortex__v2/15_relationships/pca_loadings_cluster_louvain.csv,cortex__v2,15_sample_relationships,1000,8,gene|PC1|PC2|PC3|PC4|PC5|PC6|PC7,,Gene loadings on each PC of cluster_louvain (top 1000 by |loading|) -- which genes drive each axis,2026-10-02T00:04:46+00:00
cortex__v2/15_relationships/pca_loadings_donor.csv,cortex__v2,15_sample_relationships,1000,11,gene|PC1|PC2|PC3|PC4|PC5|PC6|PC7|PC8|PC9|PC10,,Gene loadings on each PC of donor (top 1000 by |loading|) -- which genes drive each axis,2026-10-02T00:04:46+00:00
cortex__v2/15_relationships/pca_loadings_region.csv,cortex__v2,15_sample_relationships,1000,10,gene|PC1|PC2|PC3|PC4|PC5|PC6|PC7|PC8|PC9,,Gene loadings on each PC of region (top 1000 by |loading|) -- which genes drive each axis,2026-10-02T00:04:46+00:00
cortex__v2/15_relationships/pca_loadings_sample.csv,cortex__v2,15_sample_relationships,1000,11,gene|PC1|PC2|PC3|PC4|PC5|PC6|PC7|PC8|PC9|PC10,,Gene loadings on each PC of sample (top 1000 by |loading|) -- which genes drive each axis,2026-10-02T00:04:46+00:00
cortex__v2/15_relationships/pca_loadings_subregion.csv,cortex__v2,15_sample_relationships,1000,11,gene|PC1|PC2|PC3|PC4|PC5|PC6|PC7|PC8|PC9|PC10,,Gene loadings on each PC of subregion (top 1000 by |loading|) -- which genes drive each axis,2026-10-02T00:04:46+00:00
cortex__v2/15_relationships/pca_scores_age.csv,cortex__v2,15_sample_relationships,13,11,sample|PC1|PC2|PC3|PC4|PC5|PC6|PC7|PC8|PC9|PC10,,age group coordinates on PC1..PC10,2026-10-02T00:04:44+00:00
cortex__v2/15_relationships/pca_scores_cell_class.csv,cortex__v2,15_sample_relationships,5,6,sample|PC1|PC2|PC3|PC4|PC5,,cell_class group coordinates on PC1..PC5,2026-10-02T00:04:44+00:00
cortex__v2/15_relationships/pca_scores_cell_class_x_age.csv,cortex__v2,15_sample_relationships,61,11,sample|PC1|PC2|PC3|PC4|PC5|PC6|PC7|PC8|PC9|PC10,,cell_class_x_age group coordinates on PC1..PC10,2026-10-02T00:04:44+00:00
cortex__v2/15_relationships/pca_scores_cell_class_x_region.csv,cortex__v2,15_sample_relationships,43,11,sample|PC1|PC2|PC3|PC4|PC5|PC6|PC7|PC8|PC9|PC10,,cell_class_x_region group coordinates on PC1..PC10,2026-10-02T00:04:44+00:00
cortex__v2/15_relationships/pca_scores_cluster_Clusters.csv,cortex__v2,15_sample_relationships,55,11,sample|PC1|PC2|PC3|PC4|PC5|PC6|PC7|PC8|PC9|PC10,,cluster_Clusters group coordinates on PC1..PC10,2026-10-02T00:04:45+00:00
cortex__v2/15_relationships/pca_scores_cluster_ClustersModularity.csv,cortex__v2,15_sample_relationships,55,11,sample|PC1|PC2|PC3|PC4|PC5|PC6|PC7|PC8|PC9|PC10,,cluster_ClustersModularity group coordinates on PC1..PC10,2026-10-02T00:04:44+00:00
cortex__v2/15_relationships/pca_scores_cluster_leiden_scVI.csv,cortex__v2,15_sample_relationships,13,11,sample|PC1|PC2|PC3|PC4|PC5|PC6|PC7|PC8|PC9|PC10,,cluster_leiden_scVI group coordinates on PC1..PC10,2026-10-02T00:04:46+00:00
cortex__v2/15_relationships/pca_scores_cluster_louvain.csv,cortex__v2,15_sample_relationships,7,8,sample|PC1|PC2|PC3|PC4|PC5|PC6|PC7,,cluster_louvain group coordinates on PC1..PC7,2026-10-02T00:04:46+00:00
cortex__v2/15_relationships/pca_scores_donor.csv,cortex__v2,15_sample_relationships,15,11,sample|PC1|PC2|PC3|PC4|PC5|PC6|PC7|PC8|PC9|PC10,,donor group coordinates on PC1..PC10,2026-10-02T00:04:46+00:00
cortex__v2/15_relationships/pca_scores_region.csv,cortex__v2,15_sample_relationships,9,10,sample|PC1|PC2|PC3|PC4|PC5|PC6|PC7|PC8|PC9,,region group coordinates on PC1..PC9,2026-10-02T00:04:46+00:00
cortex__v2/15_relationships/pca_scores_sample.csv,cortex__v2,15_sample_relationships,81,11,sample|PC1|PC2|PC3|PC4|PC5|PC6|PC7|PC8|PC9|PC10,,sample group coordinates on PC1..PC10,2026-10-02T00:04:46+00:00
cortex__v2/15_relationships/pca_scores_subregion.csv,cortex__v2,15_sample_relationships,24,11,sample|PC1|PC2|PC3|PC4|PC5|PC6|PC7|PC8|PC9|PC10,,subregion group coordinates on PC1..PC10,2026-10-02T00:04:46+00:00
cortex__v2/15_relationships/pca_variance_age.csv,cortex__v2,15_sample_relationships,10,5,grouping|component|eigenvalue|proportion_of_variance|cumulative_proportion,,Variance explained by each PC of age (proportion and cumulative) -- how many axes the structure really needs,2026-10-02T00:04:44+00:00
cortex__v2/15_relationships/pca_variance_cell_class.csv,cortex__v2,15_sample_relationships,5,5,grouping|component|eigenvalue|proportion_of_variance|cumulative_proportion,,Variance explained by each PC of cell_class (proportion and cumulative) -- how many axes the structure really needs,2026-10-02T00:04:44+00:00
cortex__v2/15_relationships/pca_variance_cell_class_x_age.csv,cortex__v2,15_sample_relationships,10,5,grouping|component|eigenvalue|proportion_of_variance|cumulative_proportion,,Variance explained by each PC of cell_class_x_age (proportion and cumulative) -- how many axes the structure really needs,2026-10-02T00:04:44+00:00
cortex__v2/15_relationships/pca_variance_cell_class_x_region.csv,cortex__v2,15_sample_relationships,10,5,grouping|component|eigenvalue|proportion_of_variance|cumulative_proportion,,Variance explained by each PC of cell_class_x_region (proportion and cumulative) -- how many axes the structure really needs,2026-10-02T00:04:44+00:00
cortex__v2/15_relationships/pca_variance_cluster_Clusters.csv,cortex__v2,15_sample_relationships,10,5,grouping|component|eigenvalue|proportion_of_variance|cumulative_proportion,,Variance explained by each PC of cluster_Clusters (proportion and cumulative) -- how many axes the structure really needs,2026-10-02T00:04:45+00:00
cortex__v2/15_relationships/pca_variance_cluster_ClustersModularity.csv,cortex__v2,15_sample_relationships,10,5,grouping|component|eigenvalue|proportion_of_variance|cumulative_proportion,,Variance explained by each PC of cluster_ClustersModularity (proportion and cumulative) -- how many axes the structure really needs,2026-10-02T00:04:44+00:00
cortex__v2/15_relationships/pca_variance_cluster_leiden_scVI.csv,cortex__v2,15_sample_relationships,10,5,grouping|component|eigenvalue|proportion_of_variance|cumulative_proportion,,Variance explained by each PC of cluster_leiden_scVI (proportion and cumulative) -- how many axes the structure really needs,2026-10-02T00:04:46+00:00
cortex__v2/15_relationships/pca_variance_cluster_louvain.csv,cortex__v2,15_sample_relationships,7,5,grouping|component|eigenvalue|proportion_of_variance|cumulative_proportion,,Variance explained by each PC of cluster_louvain (proportion and cumulative) -- how many axes the structure really needs,2026-10-02T00:04:46+00:00
cortex__v2/15_relationships/pca_variance_donor.csv,cortex__v2,15_sample_relationships,10,5,grouping|component|eigenvalue|proportion_of_variance|cumulative_proportion,,Variance explained by each PC of donor (proportion and cumulative) -- how many axes the structure really needs,2026-10-02T00:04:46+00:00
cortex__v2/15_relationships/pca_variance_region.csv,cortex__v2,15_sample_relationships,9,5,grouping|component|eigenvalue|proportion_of_variance|cumulative_proportion,,Variance explained by each PC of region (proportion and cumulative) -- how many axes the structure really needs,2026-10-02T00:04:46+00:00
cortex__v2/15_relationships/pca_variance_sample.csv,cortex__v2,15_sample_relationships,10,5,grouping|component|eigenvalue|proportion_of_variance|cumulative_proportion,,Variance explained by each PC of sample (proportion and cumulative) -- how many axes the structure really needs,2026-10-02T00:04:46+00:00
cortex__v2/15_relationships/pca_variance_subregion.csv,cortex__v2,15_sample_relationships,10,5,grouping|component|eigenvalue|proportion_of_variance|cumulative_proportion,,Variance explained by each PC of subregion (proportion and cumulative) -- how many axes the structure really needs,2026-10-02T00:04:46+00:00
cortex__v2/16_patterns/cluster_profiles_age_k12.csv,cortex__v2,16_expression_patterns,156,8,grouping|k|cluster|n_genes|group|mean_zscore|sd_zscore|sem_zscore,,Mean +/- SD Z-score per cluster per group at K=12 -- the average expression pattern of each cluster,2026-10-02T00:05:04+00:00
cortex__v2/16_patterns/cluster_profiles_age_k6.csv,cortex__v2,16_expression_patterns,78,8,grouping|k|cluster|n_genes|group|mean_zscore|sd_zscore|sem_zscore,,Mean +/- SD Z-score per cluster per group at K=6 -- the average expression pattern of each cluster,2026-10-02T00:05:04+00:00
cortex__v2/16_patterns/cluster_profiles_age_k9.csv,cortex__v2,16_expression_patterns,117,8,grouping|k|cluster|n_genes|group|mean_zscore|sd_zscore|sem_zscore,,Mean +/- SD Z-score per cluster per group at K=9 -- the average expression pattern of each cluster,2026-10-02T00:05:04+00:00
cortex__v2/16_patterns/cluster_profiles_cell_class_k12.csv,cortex__v2,16_expression_patterns,60,8,grouping|k|cluster|n_genes|group|mean_zscore|sd_zscore|sem_zscore,,Mean +/- SD Z-score per cluster per group at K=12 -- the average expression pattern of each cluster,2026-10-02T00:04:59+00:00
cortex__v2/16_patterns/cluster_profiles_cell_class_k6.csv,cortex__v2,16_expression_patterns,30,8,grouping|k|cluster|n_genes|group|mean_zscore|sd_zscore|sem_zscore,,Mean +/- SD Z-score per cluster per group at K=6 -- the average expression pattern of each cluster,2026-10-02T00:04:59+00:00
cortex__v2/16_patterns/cluster_profiles_cell_class_k9.csv,cortex__v2,16_expression_patterns,45,8,grouping|k|cluster|n_genes|group|mean_zscore|sd_zscore|sem_zscore,,Mean +/- SD Z-score per cluster per group at K=9 -- the average expression pattern of each cluster,2026-10-02T00:04:59+00:00
cortex__v2/16_patterns/cluster_profiles_cell_class_x_age_k12.csv,cortex__v2,16_expression_patterns,732,8,grouping|k|cluster|n_genes|group|mean_zscore|sd_zscore|sem_zscore,,Mean +/- SD Z-score per cluster per group at K=12 -- the average expression pattern of each cluster,2026-10-02T00:05:01+00:00
cortex__v2/16_patterns/cluster_profiles_cell_class_x_age_k6.csv,cortex__v2,16_expression_patterns,366,8,grouping|k|cluster|n_genes|group|mean_zscore|sd_zscore|sem_zscore,,Mean +/- SD Z-score per cluster per group at K=6 -- the average expression pattern of each cluster,2026-10-02T00:05:00+00:00
cortex__v2/16_patterns/cluster_profiles_cell_class_x_age_k9.csv,cortex__v2,16_expression_patterns,549,8,grouping|k|cluster|n_genes|group|mean_zscore|sd_zscore|sem_zscore,,Mean +/- SD Z-score per cluster per group at K=9 -- the average expression pattern of each cluster,2026-10-02T00:05:01+00:00
cortex__v2/16_patterns/cluster_profiles_cell_class_x_region_k12.csv,cortex__v2,16_expression_patterns,516,8,grouping|k|cluster|n_genes|group|mean_zscore|sd_zscore|sem_zscore,,Mean +/- SD Z-score per cluster per group at K=12 -- the average expression pattern of each cluster,2026-10-02T00:05:02+00:00
cortex__v2/16_patterns/cluster_profiles_cell_class_x_region_k6.csv,cortex__v2,16_expression_patterns,258,8,grouping|k|cluster|n_genes|group|mean_zscore|sd_zscore|sem_zscore,,Mean +/- SD Z-score per cluster per group at K=6 -- the average expression pattern of each cluster,2026-10-02T00:05:02+00:00
cortex__v2/16_patterns/cluster_profiles_cell_class_x_region_k9.csv,cortex__v2,16_expression_patterns,387,8,grouping|k|cluster|n_genes|group|mean_zscore|sd_zscore|sem_zscore,,Mean +/- SD Z-score per cluster per group at K=9 -- the average expression pattern of each cluster,2026-10-02T00:05:02+00:00
cortex__v2/16_patterns/cluster_profiles_region_k12.csv,cortex__v2,16_expression_patterns,108,8,grouping|k|cluster|n_genes|group|mean_zscore|sd_zscore|sem_zscore,,Mean +/- SD Z-score per cluster per group at K=12 -- the average expression pattern of each cluster,2026-10-02T00:05:03+00:00
cortex__v2/16_patterns/cluster_profiles_region_k6.csv,cortex__v2,16_expression_patterns,54,8,grouping|k|cluster|n_genes|group|mean_zscore|sd_zscore|sem_zscore,,Mean +/- SD Z-score per cluster per group at K=6 -- the average expression pattern of each cluster,2026-10-02T00:05:03+00:00
cortex__v2/16_patterns/cluster_profiles_region_k9.csv,cortex__v2,16_expression_patterns,81,8,grouping|k|cluster|n_genes|group|mean_zscore|sd_zscore|sem_zscore,,Mean +/- SD Z-score per cluster per group at K=9 -- the average expression pattern of each cluster,2026-10-02T00:05:03+00:00
cortex__v2/16_patterns/cluster_quality_age_k12.csv,cortex__v2,16_expression_patterns,12,8,grouping|k|cluster|n_members|homogeneity_mean_corr_to_centroid|homogeneity_min|separation_max_corr_to_other_centroid|within_cluster_ss,,Per-cluster homogeneity and separation at K=12,2026-10-02T00:05:04+00:00
cortex__v2/16_patterns/cluster_quality_age_k6.csv,cortex__v2,16_expression_patterns,6,8,grouping|k|cluster|n_members|homogeneity_mean_corr_to_centroid|homogeneity_min|separation_max_corr_to_other_centroid|within_cluster_ss,,Per-cluster homogeneity and separation at K=6,2026-10-02T00:05:04+00:00
cortex__v2/16_patterns/cluster_quality_age_k9.csv,cortex__v2,16_expression_patterns,9,8,grouping|k|cluster|n_members|homogeneity_mean_corr_to_centroid|homogeneity_min|separation_max_corr_to_other_centroid|within_cluster_ss,,Per-cluster homogeneity and separation at K=9,2026-10-02T00:05:04+00:00
cortex__v2/16_patterns/cluster_quality_cell_class_k12.csv,cortex__v2,16_expression_patterns,12,8,grouping|k|cluster|n_members|homogeneity_mean_corr_to_centroid|homogeneity_min|separation_max_corr_to_other_centroid|within_cluster_ss,,Per-cluster homogeneity and separation at K=12,2026-10-02T00:04:59+00:00
cortex__v2/16_patterns/cluster_quality_cell_class_k6.csv,cortex__v2,16_expression_patterns,6,8,grouping|k|cluster|n_members|homogeneity_mean_corr_to_centroid|homogeneity_min|separation_max_corr_to_other_centroid|within_cluster_ss,,Per-cluster homogeneity and separation at K=6,2026-10-02T00:04:59+00:00
cortex__v2/16_patterns/cluster_quality_cell_class_k9.csv,cortex__v2,16_expression_patterns,9,8,grouping|k|cluster|n_members|homogeneity_mean_corr_to_centroid|homogeneity_min|separation_max_corr_to_other_centroid|within_cluster_ss,,Per-cluster homogeneity and separation at K=9,2026-10-02T00:04:59+00:00
cortex__v2/16_patterns/cluster_quality_cell_class_x_age_k12.csv,cortex__v2,16_expression_patterns,12,8,grouping|k|cluster|n_members|homogeneity_mean_corr_to_centroid|homogeneity_min|separation_max_corr_to_other_centroid|within_cluster_ss,,Per-cluster homogeneity and separation at K=12,2026-10-02T00:05:01+00:00
cortex__v2/16_patterns/cluster_quality_cell_class_x_age_k6.csv,cortex__v2,16_expression_patterns,6,8,grouping|k|cluster|n_members|homogeneity_mean_corr_to_centroid|homogeneity_min|separation_max_corr_to_other_centroid|within_cluster_ss,,Per-cluster homogeneity and separation at K=6,2026-10-02T00:05:00+00:00
cortex__v2/16_patterns/cluster_quality_cell_class_x_age_k9.csv,cortex__v2,16_expression_patterns,9,8,grouping|k|cluster|n_members|homogeneity_mean_corr_to_centroid|homogeneity_min|separation_max_corr_to_other_centroid|within_cluster_ss,,Per-cluster homogeneity and separation at K=9,2026-10-02T00:05:01+00:00
cortex__v2/16_patterns/cluster_quality_cell_class_x_region_k12.csv,cortex__v2,16_expression_patterns,12,8,grouping|k|cluster|n_members|homogeneity_mean_corr_to_centroid|homogeneity_min|separation_max_corr_to_other_centroid|within_cluster_ss,,Per-cluster homogeneity and separation at K=12,2026-10-02T00:05:02+00:00
cortex__v2/16_patterns/cluster_quality_cell_class_x_region_k6.csv,cortex__v2,16_expression_patterns,6,8,grouping|k|cluster|n_members|homogeneity_mean_corr_to_centroid|homogeneity_min|separation_max_corr_to_other_centroid|within_cluster_ss,,Per-cluster homogeneity and separation at K=6,2026-10-02T00:05:02+00:00
cortex__v2/16_patterns/cluster_quality_cell_class_x_region_k9.csv,cortex__v2,16_expression_patterns,9,8,grouping|k|cluster|n_members|homogeneity_mean_corr_to_centroid|homogeneity_min|separation_max_corr_to_other_centroid|within_cluster_ss,,Per-cluster homogeneity and separation at K=9,2026-10-02T00:05:02+00:00
cortex__v2/16_patterns/cluster_quality_region_k12.csv,cortex__v2,16_expression_patterns,12,8,grouping|k|cluster|n_members|homogeneity_mean_corr_to_centroid|homogeneity_min|separation_max_corr_to_other_centroid|within_cluster_ss,,Per-cluster homogeneity and separation at K=12,2026-10-02T00:05:03+00:00
cortex__v2/16_patterns/cluster_quality_region_k6.csv,cortex__v2,16_expression_patterns,6,8,grouping|k|cluster|n_members|homogeneity_mean_corr_to_centroid|homogeneity_min|separation_max_corr_to_other_centroid|within_cluster_ss,,Per-cluster homogeneity and separation at K=6,2026-10-02T00:05:03+00:00
cortex__v2/16_patterns/cluster_quality_region_k9.csv,cortex__v2,16_expression_patterns,9,8,grouping|k|cluster|n_members|homogeneity_mean_corr_to_centroid|homogeneity_min|separation_max_corr_to_other_centroid|within_cluster_ss,,Per-cluster homogeneity and separation at K=9,2026-10-02T00:05:03+00:00
cortex__v2/16_patterns/gene_clusters_age_k12.csv,cortex__v2,16_expression_patterns,3000,5,grouping|gene|cluster|panel|peak_group,,"Gene -> expression-pattern cluster at K=12 for age, with panel membership and the group where each gene peaks",2026-10-02T00:05:04+00:00
cortex__v2/16_patterns/gene_clusters_age_k6.csv,cortex__v2,16_expression_patterns,3000,5,grouping|gene|cluster|panel|peak_group,,"Gene -> expression-pattern cluster at K=6 for age, with panel membership and the group where each gene peaks",2026-10-02T00:05:04+00:00
cortex__v2/16_patterns/gene_clusters_age_k9.csv,cortex__v2,16_expression_patterns,3000,5,grouping|gene|cluster|panel|peak_group,,"Gene -> expression-pattern cluster at K=9 for age, with panel membership and the group where each gene peaks",2026-10-02T00:05:04+00:00
cortex__v2/16_patterns/gene_clusters_cell_class_k12.csv,cortex__v2,16_expression_patterns,3000,5,grouping|gene|cluster|panel|peak_group,,"Gene -> expression-pattern cluster at K=12 for cell_class, with panel membership and the group where each gene peaks",2026-10-02T00:04:59+00:00
cortex__v2/16_patterns/gene_clusters_cell_class_k6.csv,cortex__v2,16_expression_patterns,3000,5,grouping|gene|cluster|panel|peak_group,,"Gene -> expression-pattern cluster at K=6 for cell_class, with panel membership and the group where each gene peaks",2026-10-02T00:04:59+00:00
cortex__v2/16_patterns/gene_clusters_cell_class_k9.csv,cortex__v2,16_expression_patterns,3000,5,grouping|gene|cluster|panel|peak_group,,"Gene -> expression-pattern cluster at K=9 for cell_class, with panel membership and the group where each gene peaks",2026-10-02T00:04:59+00:00
cortex__v2/16_patterns/gene_clusters_cell_class_x_age_k12.csv,cortex__v2,16_expression_patterns,3000,5,grouping|gene|cluster|panel|peak_group,,"Gene -> expression-pattern cluster at K=12 for cell_class_x_age, with panel membership and the group where each gene peaks",2026-10-02T00:05:01+00:00
cortex__v2/16_patterns/gene_clusters_cell_class_x_age_k6.csv,cortex__v2,16_expression_patterns,3000,5,grouping|gene|cluster|panel|peak_group,,"Gene -> expression-pattern cluster at K=6 for cell_class_x_age, with panel membership and the group where each gene peaks",2026-10-02T00:05:00+00:00
cortex__v2/16_patterns/gene_clusters_cell_class_x_age_k9.csv,cortex__v2,16_expression_patterns,3000,5,grouping|gene|cluster|panel|peak_group,,"Gene -> expression-pattern cluster at K=9 for cell_class_x_age, with panel membership and the group where each gene peaks",2026-10-02T00:05:01+00:00
cortex__v2/16_patterns/gene_clusters_cell_class_x_region_k12.csv,cortex__v2,16_expression_patterns,3000,5,grouping|gene|cluster|panel|peak_group,,"Gene -> expression-pattern cluster at K=12 for cell_class_x_region, with panel membership and the group where each gene peaks",2026-10-02T00:05:02+00:00
cortex__v2/16_patterns/gene_clusters_cell_class_x_region_k6.csv,cortex__v2,16_expression_patterns,3000,5,grouping|gene|cluster|panel|peak_group,,"Gene -> expression-pattern cluster at K=6 for cell_class_x_region, with panel membership and the group where each gene peaks",2026-10-02T00:05:02+00:00
cortex__v2/16_patterns/gene_clusters_cell_class_x_region_k9.csv,cortex__v2,16_expression_patterns,3000,5,grouping|gene|cluster|panel|peak_group,,"Gene -> expression-pattern cluster at K=9 for cell_class_x_region, with panel membership and the group where each gene peaks",2026-10-02T00:05:02+00:00
cortex__v2/16_patterns/gene_clusters_region_k12.csv,cortex__v2,16_expression_patterns,3000,5,grouping|gene|cluster|panel|peak_group,,"Gene -> expression-pattern cluster at K=12 for region, with panel membership and the group where each gene peaks",2026-10-02T00:05:03+00:00
cortex__v2/16_patterns/gene_clusters_region_k6.csv,cortex__v2,16_expression_patterns,3000,5,grouping|gene|cluster|panel|peak_group,,"Gene -> expression-pattern cluster at K=6 for region, with panel membership and the group where each gene peaks",2026-10-02T00:05:03+00:00
cortex__v2/16_patterns/gene_clusters_region_k9.csv,cortex__v2,16_expression_patterns,3000,5,grouping|gene|cluster|panel|peak_group,,"Gene -> expression-pattern cluster at K=9 for region, with panel membership and the group where each gene peaks",2026-10-02T00:05:03+00:00
cortex__v2/16_patterns/kmeans_sweep_age.csv,cortex__v2,16_expression_patterns,8,9,grouping|k|mean_homogeneity|min_homogeneity|max_separation_corr|mean_separation_corr|balance_score|total_within_ss|smallest_cluster,,Homogeneity vs separation across K -- homogeneity rises with K while clusters become less distinct; pick K from this table,2026-10-02T00:05:04+00:00
cortex__v2/16_patterns/kmeans_sweep_cell_class.csv,cortex__v2,16_expression_patterns,8,9,grouping|k|mean_homogeneity|min_homogeneity|max_separation_corr|mean_separation_corr|balance_score|total_within_ss|smallest_cluster,,Homogeneity vs separation across K -- homogeneity rises with K while clusters become less distinct; pick K from this table,2026-10-02T00:05:00+00:00
cortex__v2/16_patterns/kmeans_sweep_cell_class_x_age.csv,cortex__v2,16_expression_patterns,8,9,grouping|k|mean_homogeneity|min_homogeneity|max_separation_corr|mean_separation_corr|balance_score|total_within_ss|smallest_cluster,,Homogeneity vs separation across K -- homogeneity rises with K while clusters become less distinct; pick K from this table,2026-10-02T00:05:01+00:00
cortex__v2/16_patterns/kmeans_sweep_cell_class_x_region.csv,cortex__v2,16_expression_patterns,8,9,grouping|k|mean_homogeneity|min_homogeneity|max_separation_corr|mean_separation_corr|balance_score|total_within_ss|smallest_cluster,,Homogeneity vs separation across K -- homogeneity rises with K while clusters become less distinct; pick K from this table,2026-10-02T00:05:02+00:00
cortex__v2/16_patterns/kmeans_sweep_region.csv,cortex__v2,16_expression_patterns,8,9,grouping|k|mean_homogeneity|min_homogeneity|max_separation_corr|mean_separation_corr|balance_score|total_within_ss|smallest_cluster,,Homogeneity vs separation across K -- homogeneity rises with K while clusters become less distinct; pick K from this table,2026-10-02T00:05:03+00:00
cortex__v2/16_patterns/zscores_age.csv,cortex__v2,16_expression_patterns,3000,14,gene|10.0|11.5|12.0|13.25|14.0|5.0|5.5|6.9|7.5|8.0|8.5|9.2|9.5,,Z-scored expression of the top 3000 variable genes across age groups -- the heatmap input,2026-10-02T00:05:03+00:00
cortex__v2/16_patterns/zscores_cell_class.csv,cortex__v2,16_expression_patterns,3000,6,gene|Glioblast|Neuroblast|Neuron|Neuronal IPC|Radial glia,,Z-scored expression of the top 3000 variable genes across cell_class groups -- the heatmap input,2026-10-02T00:04:59+00:00
cortex__v2/16_patterns/zscores_cell_class_x_age.csv,cortex__v2,16_expression_patterns,3000,62,gene|Glioblast | 10.0|Glioblast | 11.5|Glioblast | 12.0|Glioblast | 13.25|Glioblast | 14.0|Glioblast | 6.9|Glioblast | 7.5|Glioblast | 8.0|Glioblast | 8.5|Glioblast | 9.2|Glioblast | 9.5|Neuroblast | 10.0|Neuroblast | 11.5|Neuroblast | 12.0|Neuroblast | 13.25|Neuroblast | 14.0|Neuroblast | 5.0|Neuroblast | 5.5|Neuroblast | 6.9|Neuroblast | 7.5|Neuroblast | 8.0|Neuroblast | 8.5|Neuroblast | 9.2|Neuroblast | 9.5|Neuron | 10.0|Neuron | 11.5|Neuron | 12.0|Neuron | 13.25|Neuron | 14.0|Neuron | 6.9|Neuron | 7.5|Neuron | 8.0|Neuron | 8.5|Neuron | 9.2|Neuron | 9.5|Neuronal IPC | 10.0|Neuronal IPC | 11.5|Neuronal IPC | 12.0|Neuronal IPC | 13.25,,Z-scored expression of the top 3000 variable genes across cell_class_x_age groups -- the heatmap input,2026-10-02T00:05:00+00:00
cortex__v2/16_patterns/zscores_cell_class_x_region.csv,cortex__v2,16_expression_patterns,3000,44,gene|Glioblast | Cortex|Glioblast | Enthorinal cortex|Glioblast | Forebrain|Glioblast | Forebrain cortex|Glioblast | Frontotemporal cortex|Glioblast | Lower cortex|Glioblast | Occipital cortex|Glioblast | Upper cortex|Neuroblast | Cortex|Neuroblast | Cortical hem|Neuroblast | Enthorinal cortex|Neuroblast | Forebrain|Neuroblast | Forebrain cortex|Neuroblast | Frontotemporal cortex|Neuroblast | Lower cortex|Neuroblast | Occipital cortex|Neuroblast | Upper cortex|Neuron | Cortex|Neuron | Enthorinal cortex|Neuron | Forebrain|Neuron | Forebrain cortex|Neuron | Frontotemporal cortex|Neuron | Lower cortex|Neuron | Occipital cortex|Neuron | Upper cortex|Neuronal IPC | Cortex|Neuronal IPC | Cortical hem|Neuronal IPC | Enthorinal cortex|Neuronal IPC | Forebrain|Neuronal IPC | Forebrain cortex|Neuronal IPC | Frontotemporal cortex|Neuronal IPC | Lower cortex|Neuronal IPC | Occipital cortex|Neuronal IPC | Upper cortex|Radial glia | Cortex|Radial glia | Cortical hem|Radial glia | Enthorinal cortex|Radial glia | Forebrain|Radial glia | Forebrain cortex,,Z-scored expression of the top 3000 variable genes across cell_class_x_region groups -- the heatmap input,2026-10-02T00:05:01+00:00
cortex__v2/16_patterns/zscores_region.csv,cortex__v2,16_expression_patterns,3000,10,gene|Cortex|Cortical hem|Enthorinal cortex|Forebrain|Forebrain cortex|Frontotemporal cortex|Lower cortex|Occipital cortex|Upper cortex,,Z-scored expression of the top 3000 variable genes across region groups -- the heatmap input,2026-10-02T00:05:03+00:00
cortex__v2/17_gsea/gsea_leading_edge.csv,cortex__v2,17_gsea_panels,11482,7,grouping|group|panel_group|panel|gene|es|p_value,,Leading-edge genes: the core subset driving each enrichment signal -- the genes to actually follow up,2026-10-02T00:07:10+00:00
cortex__v2/17_gsea/gsea_results.csv,cortex__v2,17_gsea_panels,1050,13,grouping|group|panel_group|panel|n_genes_in_set|es|nes|p_value|peak_rank|leading_edge_size|leading_edge_genes|fdr_bh|significant,,"GSEA per (group, panel): enrichment score, NES, permutation p and BH-FDR. Positive ES = panel concentrated among that group's top genes.",2026-10-02T00:07:10+00:00
cortex__v2/17_gsea/gsea_running_sum_top.csv,cortex__v2,17_gsea_panels,120560,6,grouping|group|panel|rank|running_sum|in_set,,Running-sum curves for the strongest enrichments; ES is the maximum deviation from zero along the walk,2026-10-02T00:07:11+00:00
